강경준,22.0
강명진,42.0
강문기,34.0
강석현,44.0
강성환,40.0
강신규,39.0
강연호,49.0
강용규,33.0
강유일,43.0
강중구,39.0
강철,48.0
거룡,42.0
고대한,29.0
고혜성,31.0
공형진,37.0
곽만용,45.0
곽무성,36.0
곽진,32.0
곽희범,40.0
국호,41.0
권관오,47.0
권금산,45.0
권병길,50.0
권성영,29.0
권순동,36.0
권순명,38.0
권혁진,40.0
금용,48.0
길다로,56.0
길손,44.0
김강헌,25.0
김건호,49.0
김경수,46.0
김국현,38.0
김기종,34.0
김길호,44.0
김남일,36.0
김대원,37.0
김백수,51.0
김병수,27.0
김보성,30.0
김상준,46.0
김석훈,53.0
김성돈,33.0
김세준,35.0
김수로,35.0
김승욱,23.0
김승윤,16.0
김아담,34.0
김영규,40.0
김영대,35.0
김영인,59.0
김영철,56.0
김영철,44.0
김영회,33.0
김용덕,65.0
김우빈,40.0
김인수,18.0
김인원,27.0
김일구,48.0
김일영,47.0
김일욱,52.0
김일중,47.0
김재주,28.0
김정균,38.0
김정원,21.0
김정일,39.0
김종욱,46.0
김종호,42.0
김주식,36.0
김준석,25.0
김지우,42.0
김진우,20.0
김창봉,47.0
김창조,38.0
김창현,43.0
김태건,22.0
김태관,25.0
김태윤,20.0
김필수,34.0
김하림,49.0
김학구,42.0
김한기,52.0
김해곤,39.0
김형일,36.0
김효명,19.0
김희라,51.0
김희열,40.0
나갑성,46.0
남궁원,48.0
남대영,52.0
남을균,43.0
남포동,50.0
노진아,46.0
독고영재,37.0
독고영재,34.0
마감성,24.0
마빈,48.0
마흥식,43.0
문선용,26.0
문직선,20.0
문채성,27.0
문철재,41.0
민승규,34.0
박경득,54.0
박경호,17.0
박경흠,46.0
박규성,52.0
박근범,22.0
박근형,45.0
박기운,24.0
박기택,36.0
박길현,40.0
박대성,44.0
박동룡,45.0
박문규,44.0
박상국,34.0
박상민,29.0
박성균,29.0
박세범,41.0
박세준,49.0
박수복,35.0
박영록,40.0
박영화,23.0
박용팔,43.0
박용호,46.0
박윤식,23.0
박종설,51.0
박준규,44.0
박준우,25.0
박준철,32.0
박준철,29.0
박중훈,35.0
박철민,48.0
박태현,31.0
박통일,46.0
박필진,26.0
박해일,28.0
박형준,30.0
박효근,46.0
박휴성,23.0
방승빈,26.0
배칠수,40.0
백민,36.0
백봉기,22.0
백용석,23.0
백일섭,46.0
봉두개,38.0
사원배,53.0
서동원,25.0
서문경,32.0
서복현,31.0
서영석,44.0
석현철,30.0
설경구,32.0
성빈,25.0
성시춘,33.0
성주경,36.0
손성일,44.0
송강호,32.0
송금식,35.0
송대근,18.0
송수영,39.0
송승환,44.0
송인혁,36.0
송일근,49.0
송정현,35.0
수진,26.0
신갑주,44.0
신동리,40.0
신성일,64.0
신세명,34.0
신신범,48.0
신양균,37.0
신영국,43.0
신영균,58.0
신영일,33.0
신재천,46.0
신표,20.0
안도원,25.0
안성기,47.0
안완근,35.0
안용석,18.0
안진수,46.0
양우진,21.0
양일민,49.0
양재갑,45.0
양준,30.0
양찬석,40.0
양철수,42.0
양택조,50.0
양해길,34.0
염철호,30.0
예학영,25.0
예학영,22.0
예학영,20.0
예학영,20.0
오대천,27.0
오도규,52.0
오상철,32.0
오세장,46.0
오요섭,47.0
오지명,53.0
온주완,23.0
왕호,42.0
우대권,28.0
우명덕,51.0
유동균,20.0
유병완,41.0
유아인,19.0
유영국,41.0
유재량,28.0
유창수,53.0
유천,38.0
유하식,40.0
유화춘,39.0
윤경식,24.0
윤경호,22.0
윤배영,30.0
윤석봉,48.0
윤일봉,55.0
윤철형,40.0
윤태후,29.0
이갑성,40.0
이강빈,26.0
이강빈,26.0
이강빈,26.0
이강빈,26.0
이강빈,23.0
이강빈,23.0
이강빈,26.0
이강빈,25.0
이강빈,24.0
이강빈,25.0
이균식,40.0
이기영,42.0
이다윗,18.0
이대갑,45.0
이대근,45.0
이대로,53.0
이대승,40.0
