강다영,20.0
강명혜,24.0
강수연,28.0
강청,41.0
강희,46.0
경유진,19.0
고나연,19.0
고선빈,19.0
고소영,23.0
고승아,38.0
고유라,20.0
고은아,46.0
공미진,25.0
곽정희,29.0
국나향,46.0
권지수,21.0
김경란,56.0
김경애,30.0
김경애,48.0
김경진,29.0
김금란,40.0
김기자,42.0
김나은,36.0
김남화,28.0
김도은,26.0
김막달,44.0
김미영,23.0
김미정,31.0
김민서,35.0
김민채,21.0
김보연,38.0
김보희,21.0
김샛별,21.0
김석옥,33.0
김선희 (예명:써니 김),33.0
김애경,34.0
김에스더,33.0
김영미,58.0
김윤경,48.0
김정란,34.0
김정자,28.0
김종아,25.0
김종아,24.0
김종아,23.0
김종아,23.0
김종아,16.0
김종아,18.0
김지미,38.0
김지순,28.0
김진아,19.0
김진아,8.0
김진아,11.0
김진아,51.0
김하늘,21.0
김혜경,38.0
김혜선,27.0
김혜수,25.0
김혜자,46.0
김혜정,23.0
나문희,57.0
남정희,50.0
디나 에이드,26.0
류미오,28.0
류현영,19.0
마리나꿈꽃,53.0
마리나꿈꽃,35.0
문미봉,51.0
문세림,20.0
문소리,23.0
문현주,25.0
민병애,40.0
민지아,29.0
박단비,19.0
박아희,21.0
박양희,25.0
박영내,48.0
박예숙,49.0
박정자,46.0
박하,25.0
박해미,38.0
박혜준,25.0
반소영,21.0
방희,29.0
배하나,24.0
백주연,13.0
범정자,29.0
변채윤,25.0
서리슬,23.0
서숙희,27.0
서예빈,21.0
서주아,22.0
선우용녀,50.0
선우일란,28.0
설지윤,32.0
성명순,52.0
소미,17.0
손민지,39.0
손영순,51.0
송나래,20.0
송옥숙,35.0
수애,21.0
수지,24.0
신세지,19.0
신종순,34.0
심효진,28.0
안여진,28.0
안정희,30.0
안진희,19.0
양영숙,35.0
연분홍,21.0
염미경,31.0
염정아,26.0
오가빈,17.0
오경아,36.0
오노아,29.0
오영화,31.0
오정해,20.0
온사랑,33.0
우수민,26.0
원정희,30.0
유경애,47.0
유송희,20.0
윤영애,38.0
윤유정,19.0
윤정희,55.0
음서영,5.0
이경화,40.0
이영애,25.0
이영의,44.0
이예린,20.0
이예빈,19.0
이용이,29.0
이유라,27.0
이은정,26.0
이인옥,41.0
이정민,23.0
이혜령,26.0
이혜영,27.0
임난영,28.0
임연희,36.0
임종분,45.0
임지안,27.0
장나라,23.0
장영희,25.0
전계현,46.0
전수현,19.0
전채련,44.0
전혜란,56.0
전희정,44.0
정경임,39.0
정라모,26.0
정솔희,23.0
정수경,24.0
정영숙,47.0
정영희,39.0
정은경,18.0
정은희,22.0
정재연,25.0
정재영,22.0
제니안,31.0
조남미,39.0
조영화,42.0
조은주,25.0
조학자,51.0
조현주,29.0
차민선,40.0
차부녀,42.0
채시라,26.0
채주이,30.0
천서경,20.0
최민금,34.0
최연수,53.0
최은희,52.0
최정민,45.0
최정인,24.0
최지연,18.0
최지우,26.0
최지헌,22.0
최지혜,19.0
최지희,42.0
최현숙,38.0
태현실,46.0
하수연,30.0
하유미,26.0
하지원,21.0
한수진,25.0
한유정,31.0
한윤경,28.0
한윤희,20.0
한은정,26.0
한지숙,22.0
해아,23.0
허나희,26.0
허다정,26.0
홍나영,32.0
홍윤정,45.0
황현이,29.0
흐엉,21.0
