Brigitte Lin,http://img4.bdbphotos.com/images/230x300/n/9/n95rfa16rwsd6ar1.jpg?skj2io4l,65
Ayana Sakai,http://img5.bdbphotos.com/images/orig/c/a/cablu9s9yz9m9u9a.jpg?skj2io4l,34
Aya Hirayama,http://img4.bdbphotos.com/images/230x300/w/o/woo69bzioh6phi6o.jpg?skj2io4l,35
Atsuko Sakuraba,http://img4.bdbphotos.com/images/230x300/c/a/cabjz8jns79dsj7n.jpg?skj2io4l,
Angie Cheung,http://img4.bdbphotos.com/images/230x300/w/v/wvw6obzmv6533.jpg?skj2io4l,46
Angela Mao,http://img4.bdbphotos.com/images/230x300/j/h/jha28h71g2ih.jpg?skj2io4l,69
Amy Kwok,http://img5.bdbphotos.com/images/orig/w/v/wv3u4f2zs98hz29u.jpg?skj2io4l,52
Alice Chan,http://img4.bdbphotos.com/images/230x300/w/v/wvsqwdgzojptt.jpg?skj2io4l,46
Ada Choi,http://img4.bdbphotos.com/images/230x300/c/a/ca8vwa5qt2mk2qmt.jpg?skj2io4l,46
James Lew,http://img4.bdbphotos.com/images/230x300/2/k/2kf3eoo3lh7xoe3o.jpg?skj2io4l,67
Alan Tam,http://img4.bdbphotos.com/images/230x300/g/x/gxhk9ie1hh8me91i.jpg?skj2io4l,
Stephen Fung,http://img4.bdbphotos.com/images/230x300/f/z/fznqcv7tskpqq.jpg?skj2io4l,45
James Hong,http://img5.bdbphotos.com/images/orig/c/a/ca55atmdet2g5aa2.jpg?skj2io4l,90
Ernie Reyes Jr.,http://img4.bdbphotos.com/images/230x300/h/p/hprqmlj4e67qmrlq.jpg?skj2io4l,47
Tony Chiu-Wai Leung,http://img4.bdbphotos.com/images/230x300/p/d/pdofhf6kyldly6lk.jpg?skj2io4l,57
Julian Cheung,http://img4.bdbphotos.com/images/230x300/u/h/uh7kerlb77qnqn.jpg?skj2io4l,48
George Takei,http://img4.bdbphotos.com/images/230x300/u/g/ugmnk1lxxhmzhxmx.jpg?skj2io4l,82
Gedde Watanabe,http://img4.bdbphotos.com/images/230x300/c/9/c9so24uepzlou2e4.jpg?skj2io4l,64
Dong-Gun Jang,http://img4.bdbphotos.com/images/230x300/w/c/wcixgvoltdcstodl.jpg?skj2io4l,47
Chen Chang,http://img5.bdbphotos.com/images/orig/c/9/c9qkil9j3dxq3jxi.jpg?skj2io4l,43
Byron Mann,http://img5.bdbphotos.com/images/orig/m/5/m5h8xda1wazi8hdi.jpg?skj2io4l,
Peter Ho,http://img4.bdbphotos.com/images/230x300/s/c/sceecwa4i3pcc.jpg?skj2io4l,44
Nyomi Marcela,http://img2.bdbphotos.com/images/orig/a/f/afn2yw9uhf6vv6u.jpg?skj2io4l,
Fujiko Kano,http://img5.bdbphotos.com/images/orig/m/9/m91j9aphetq9qtp.jpg?skj2io4l,
Asuka Sakamaki,http://img4.bdbphotos.com/images/230x300/8/z/8zt1oh6qnhk88.jpg?skj2io4l,
Hayao Miyazaki,http://img4.bdbphotos.com/images/230x300/c/9/c9dvbfesat7vv9bd.jpg?skj2io4l,78
Victor Wong,http://img1.bdbphotos.com/images/orig/s/z/sz0vggefws3aegw0.jpg?skj2io4l,18
Jack Soo,http://img2.bdbphotos.com/images/orig/l/5/l5w9760xixzo790l.jpg?skj2io4l,40
Yuki Uchida,http://img4.bdbphotos.com/images/230x300/n/v/nve19e0izxdfz0xi.jpg?skj2io4l,
Veronica Yip,http://img4.bdbphotos.com/images/230x300/h/q/hqglwstts9zdtsst.jpg?skj2io4l,53
Takashi Sorimachi,http://img1.bdbphotos.com/images/orig/i/j/ijcxfsp6p3983p8s.jpg?skj2io4l,46
Stacy,http://img6.bdbphotos.com/images/orig/n/1/n1r3629eqp5e26e1.jpg?skj2io4l,
Ralph Recto,http://img4.bdbphotos.com/images/230x300/o/m/omrmx7rqeba4erbq.jpg?skj2io4l,55
Pierre Png,http://img2.bdbphotos.com/images/orig/l/1/l1fltv5y37mg1ll7.jpg?skj2io4l,46
Miyoshi Umeki,http://img4.bdbphotos.com/images/230x300/c/7/c7ceb38qtpqypqqt.jpg?skj2io4l,12
Miriam Quiambao,http://img1.bdbphotos.com/images/orig/i/w/iw926ht3p1bgb1t.jpg?skj2io4l,44
Lily Mariye,http://img4.bdbphotos.com/images/230x300/c/6/c6xr81zr627mr68x.jpg?skj2io4l,
Kanako Enomoto,http://img5.bdbphotos.com/images/orig/c/6/c6oj1ao2ogu6oaoo.jpg?skj2io4l,39
Hinano Yoshikawa,http://img4.bdbphotos.com/images/230x300/s/j/sjmnuln23n0wumln.jpg?skj2io4l,40
Harlem Yu,http://img4.bdbphotos.com/images/230x300/p/3/p3oqu4irh787uo4q.jpg?skj2io4l,58
Ga-in Han,http://img4.bdbphotos.com/images/230x300/1/l/1lc1iewofgu0uf0g.jpg?skj2io4l,37
Eason Chan,http://img5.bdbphotos.com/images/orig/4/a/4a5jg5vw5n8tgjv4.jpg?skj2io4l,
Desy Ratnasari,http://img4.bdbphotos.com/images/230x300/k/u/ku9ho3u1l4vlvll4.jpg?skj2io4l,
Collin Chou,http://img4.bdbphotos.com/images/230x300/c/5/c5fc3syvwp788p7.jpg?skj2io4l,52
Cherie Chung,http://img4.bdbphotos.com/images/230x300/1/o/1ouxxfjg963vgf9j.jpg?skj2io4l,59
Amy Tan,http://img4.bdbphotos.com/images/230x300/w/s/wshb28ttwc07t2t8.jpg?skj2io4l,67
Akira Kurosawa,http://img5.bdbphotos.com/images/orig/c/4/c4sqxxyj7yxr7jxx.jpg?skj2io4l,21
Akiko Hinagata,http://img4.bdbphotos.com/images/230x300/c/4/c4sp0r6bpu8lp6ub.jpg?skj2io4l,41
Agnes Chan,http://img2.bdbphotos.com/images/orig/5/3/53v9o07xq6sio975.jpg?skj2io4l,
Lily Ho,http://img4.bdbphotos.com/images/230x300/l/b/lbve576wqps5sq5p.jpg?skj2io4l,
Shizuka Arakawa,http://img4.bdbphotos.com/images/230x300/1/9/1978ocxat9n559n.jpg?skj2io4l,38
Miki Ando,http://img5.bdbphotos.com/images/orig/c/3/c3lx71je2rpqprj.jpg?skj2io4l,32
Ami Ohnuki,http://img4.bdbphotos.com/images/230x300/c/2/c2z5wepa7zyd.jpg?skj2io4l,
Yimou Zhang,http://img4.bdbphotos.com/images/230x300/c/2/c2vq8wf19ok48vwq.jpg?skj2io4l,69
Miyako Fujitani,http://img4.bdbphotos.com/images/230x300/w/w/wwfwd71iuxxhu1xi.jpg?skj2io4l,
Miko Mayama,http://img4.bdbphotos.com/images/230x300/y/9/y9cdisoj9cj4d9ic.jpg?skj2io4l,46
Jasmine Chow,http://img4.bdbphotos.com/images/230x300/c/1/c1m6qk5sp2ed2sep.jpg?skj2io4l,
On-On Yu,http://img7.bdbphotos.com/images/huge/c/1/c1k2bxfbfuzhbkx2.jpg?skj2io4l,
Lakana Zee,http://img4.bdbphotos.com/images/230x300/6/z/6zar6fz7rtznt7zr.jpg?skj2io4l,
Joana Pak,http://img4.bdbphotos.com/images/230x300/t/l/tlkrf6lpw13efk6r.jpg?skj2io4l,
Jae Hyun Ahn,http://img4.bdbphotos.com/images/230x300/0/m/0m7xj6o7qnblbqln.jpg?skj2io4l,32
Marcia Cibele Aoki,http://img4.bdbphotos.com/images/230x300/y/q/yq7mu0nm4aozmqu7.jpg?skj2io4l,
Sasha Hu,http://img4.bdbphotos.com/images/230x300/r/u/ru6tiw5fnjlxtui6.jpg?skj2io4l,
Nina Lu,http://img4.bdbphotos.com/images/230x300/w/p/wphmkzlpe5o05poe.jpg?skj2io4l,
Kia Poetri,http://img4.bdbphotos.com/images/230x300/2/j/2jb2m8oqghveomq8.jpg?skj2io4l,
Karen Fukuhara,http://img4.bdbphotos.com/images/230x300/i/0/i0fiqx2hhu7h.jpg?skj2io4l,27
Misa Eto,http://img2.bdbphotos.com/images/orig/1/3/135mz4nfwekqwfkz.jpg?skj2io4l,
Hiyori Okuda,http://img4.bdbphotos.com/images/230x300/f/0/f0emz9fd4fbffzd9.jpg?skj2io4l,
Anne Nakamura,http://img4.bdbphotos.com/images/230x300/u/b/ub0k195u6a0u9k51.jpg?skj2io4l,
Joo-hee Ha,http://img4.bdbphotos.com/images/230x300/3/o/3o8tougmqyuyy.jpg?skj2io4l,
Allen Kim,http://img4.bdbphotos.com/images/230x300/l/3/l3349chvyubqbq.jpg?skj2io4l,29
Abbey Cameron,http://img6.bdbphotos.com/images/orig/q/h/qha0bnrv108c80r.jpg?skj2io4l,
Vu Nguyen Ha Anh,http://img4.bdbphotos.com/images/230x300/p/p/ppjyt6vyx4r1rx14.jpg?skj2io4l,
So Kim,http://img4.bdbphotos.com/images/230x300/1/g/1gv1b6io78tx61ib.jpg?skj2io4l,
Angeline Yap,http://img7.bdbphotos.com/images/huge/z/c/zc0zdv4oko0lodov.jpg?skj2io4l,
Linn Mashannoad Suvalmas,http://img4.bdbphotos.com/images/230x300/n/q/nqkq92wol5ejj5e.jpg?skj2io4l,
Kris Wu,http://img4.bdbphotos.com/images/230x300/1/s/1s1iap3hnoq1q1.jpg?skj2io4l,29
Alina Li,http://img4.bdbphotos.com/images/230x300/y/p/yptwt5tsxreas5xt.jpg?skj2io4l,
Lee Yul-Eum,http://img6.bdbphotos.com/images/orig/o/4/o4g41l81z4qnl114.jpg?skj2io4l,
Grae Fernandez,http://img5.bdbphotos.com/images/orig/c/q/cql58hnfelnrlq8n.jpg?skj2io4l,
Raymund Romualdez,http://img1.bdbphotos.com/images/orig/2/m/2mc3aqvumgi1a3v2.jpg?skj2io4l,
Rachel Ann Daquis,http://img4.bdbphotos.com/images/230x300/1/i/1iqct8fgwzsg8cft.jpg?skj2io4l,32
Cassey Ho,http://img4.bdbphotos.com/images/230x300/w/q/wqohnfrcwmncnofh.jpg?skj2io4l,
Nana Komatsu,http://img4.bdbphotos.com/images/230x300/y/x/yxn853nd90fy9n0d.jpg?skj2io4l,
Tae-im Lee,http://img4.bdbphotos.com/images/230x300/b/n/bnebbrp5hgsesheg.jpg?skj2io4l,33
Kim Jongin,http://img4.bdbphotos.com/images/230x300/u/y/uyoda9wtua5eat5u.jpg?skj2io4l,25
Chanyeol,http://img4.bdbphotos.com/images/230x300/0/p/0pt6uix1r0kbb0k.jpg?skj2io4l,
Christina Ann (spouse),http://img2.bdbphotos.com/images/orig/e/3/e3rze8a187xxx7a.jpg?skj2io4l,
David So,http://img2.bdbphotos.com/images/orig/e/b/ebdpwvjpz1ggpj1p.jpg?skj2io4l,32
Yui Mizuno,http://img4.bdbphotos.com/images/230x300/z/m/zmxqu6c11z57z151.jpg?skj2io4l,20
Moa Kikuchi,http://img6.bdbphotos.com/images/orig/o/t/otflqi5evffttfe.jpg?skj2io4l,20
Wang Xiaofei,http://img4.bdbphotos.com/images/230x300/e/q/eqevuspmegt1te1g.jpg?skj2io4l,
Karman Wong,http://img4.bdbphotos.com/images/230x300/h/w/hw99fcwknawuwnua.jpg?skj2io4l,
Tiffany (South Korean singer),http://img4.bdbphotos.com/images/230x300/o/g/ogx6w2088ttc8280.jpg?skj2io4l,30
Joon-Hyuk Choi,http://img4.bdbphotos.com/images/230x300/8/0/80ud59eq3cmcm3cc.jpg?skj2io4l,
Lee Hyeri,http://img4.bdbphotos.com/images/230x300/f/b/fbfuw979dr40wf9u.jpg?skj2io4l,25
Chiharu Okunugi,http://img4.bdbphotos.com/images/230x300/o/u/ouzgnkc4b0a5nzkg.jpg?skj2io4l,
Bang Minah,http://img4.bdbphotos.com/images/230x300/s/i/sif5hwmzerfe.jpg?skj2io4l,26
Madison Hu,http://img6.bdbphotos.com/images/orig/t/1/t1x69j1x9p3hh3x.jpg?skj2io4l,
Shiori Yokoi,http://img4.bdbphotos.com/images/230x300/5/1/51pizdl7uz3r7dul.jpg?skj2io4l,
Sara Tsukigami,http://img4.bdbphotos.com/images/230x300/e/w/ewqbioaxrp0fxora.jpg?skj2io4l,
Chino Copuyoc,http://img2.bdbphotos.com/images/orig/a/g/agzgortqlet3qteg.jpg?skj2io4l,
Kristin Ogata,http://img4.bdbphotos.com/images/230x300/o/b/ob868on0iae50oin.jpg?skj2io4l,
Kim Jin Woo,http://img2.bdbphotos.com/images/orig/v/w/vw9ie4gnpmur4enw.jpg?skj2io4l,36
Yoon Bomi,http://img4.bdbphotos.com/images/230x300/l/f/lf8jy4gqz95kk95.jpg?skj2io4l,26
Marica Hase,http://img4.bdbphotos.com/images/230x300/n/i/nicub0opirjgp0io.jpg?skj2io4l,
RR Garcia,http://img2.bdbphotos.com/images/orig/9/o/9ooq1qjd7oseoo1s.jpg?skj2io4l,29
Putri Gayatri Pertiwi,http://img4.bdbphotos.com/images/230x300/u/t/ut9m2marrbd5brdr.jpg?skj2io4l,
Young-kwang Kim,http://img4.bdbphotos.com/images/230x300/4/i/4it8yd7abtxab7ta.jpg?skj2io4l,32
Yui Yokoyama,http://img4.bdbphotos.com/images/230x300/2/m/2mf1nt3qtwpcwqpt.jpg?skj2io4l,
Haruka Shimazaki,http://img4.bdbphotos.com/images/230x300/m/s/mso09w26qd555.jpg?skj2io4l,
Rina Kawaei,http://img4.bdbphotos.com/images/230x300/6/e/6etf5w2u2qbn25uw.jpg?skj2io4l,
Anna Iriyama,http://img4.bdbphotos.com/images/230x300/w/9/w9ul38ra1bio8lr3.jpg?skj2io4l,
Min Seo Kim,http://img4.bdbphotos.com/images/230x300/a/i/aie7cnwsdsdl7ice.jpg?skj2io4l,35
Yoon Se-ah,http://img4.bdbphotos.com/images/230x300/u/v/uvk2fxyi6rqvyfix.jpg?skj2io4l,41
Seo In-guk,http://img4.bdbphotos.com/images/230x300/c/t/cttzb72htbiaztbt.jpg?skj2io4l,32
Sehun,http://img4.bdbphotos.com/images/230x300/n/n/nnrloovc75w25cw7.jpg?skj2io4l,25
Park Se-Young,http://img4.bdbphotos.com/images/230x300/5/g/5g6za5xf6gt7zga6.jpg?skj2io4l,31
Sean Noh,http://img4.bdbphotos.com/images/230x300/s/n/sn1089a4lgmv90a8.jpg?skj2io4l,
So-Min Jeon,http://img4.bdbphotos.com/images/230x300/q/t/qtdbl2yc2nky2ync.jpg?skj2io4l,33
Aki Takajō,http://img4.bdbphotos.com/images/230x300/h/2/h2p9r9mc1l0l01ll.jpg?skj2io4l,
Sukollawat Kanarot,http://img4.bdbphotos.com/images/230x300/v/n/vn6lds4cw4ssw44c.jpg?skj2io4l,34
Afgan,http://img2.bdbphotos.com/images/orig/1/h/1h0fbq63ku8ik38b.jpg?skj2io4l,
Ami Yamazaki,http://img4.bdbphotos.com/images/230x300/9/e/9e3eamtfyvcddvc.jpg?skj2io4l,39
Tong Liya,http://img4.bdbphotos.com/images/230x300/g/b/gbhf83hed4ao.jpg?skj2io4l,35
Seven (South Korean singer),http://img4.bdbphotos.com/images/230x300/v/4/v4ji7uh6h4q9hh46.jpg?skj2io4l,35
Asuka Hoshino,http://img6.bdbphotos.com/images/orig/7/f/7fv1w5j5sllm1v5m.jpg?skj2io4l,
Ji Chang-wook,http://img4.bdbphotos.com/images/230x300/5/o/5o8udz0l7o1a17ao.jpg?skj2io4l,32
Ayako Hara,http://img4.bdbphotos.com/images/230x300/m/8/m87qqy9gnmsdsd.jpg?skj2io4l,
Azusa Itagaki,http://img4.bdbphotos.com/images/230x300/6/l/6lehs372dwryhlse.jpg?skj2io4l,
Kim Yeon-Koung,http://img4.bdbphotos.com/images/230x300/q/4/q4fmmmmbfosii.jpg?skj2io4l,
Young JV,http://img1.bdbphotos.com/images/orig/0/r/0rexeapncnbanpnx.jpg?skj2io4l,
Rika Hoshimi,http://img4.bdbphotos.com/images/230x300/a/j/ajkh4pflrddbhj4k.jpg?skj2io4l,
Lee Jong Hyun,http://img4.bdbphotos.com/images/230x300/a/j/aj1vr7ltf3rh3trf.jpg?skj2io4l,29
Tomomi Kasai,http://img4.bdbphotos.com/images/230x300/g/b/gbln5b6c6c711c7.jpg?skj2io4l,
Ju-Young Park,http://img6.bdbphotos.com/images/orig/j/z/jzjgpn2e54txxte.jpg?skj2io4l,
Rino Sashihara,http://img4.bdbphotos.com/images/230x300/v/k/vkf9bznwbffjbnfw.jpg?skj2io4l,27
Kyary Pamyu Pamyu,http://img4.bdbphotos.com/images/230x300/7/4/74q3kban1uw7aknb.jpg?skj2io4l,26
JB (singer),http://img4.bdbphotos.com/images/230x300/i/8/i8zy54tqbbsccbs.jpg?skj2io4l,
Alice Hirose,http://img4.bdbphotos.com/images/230x300/y/v/yv9j0uey5p9yyu5e.jpg?skj2io4l,25
Fumika Shimizu,http://img1.bdbphotos.com/images/orig/6/l/6lsz418ofalyzs1y.jpg?skj2io4l,25
Zelo,http://img4.bdbphotos.com/images/230x300/k/p/kpr2iquzbovjirq2.jpg?skj2io4l,23
Soo Joo Park,http://img4.bdbphotos.com/images/230x300/r/q/rqwhd296muri62m9.jpg?skj2io4l,
Hyo-rin,http://img4.bdbphotos.com/images/230x300/z/i/zisdyc7wpdfndiys.jpg?skj2io4l,29
Xiao Wen Ju,http://img4.bdbphotos.com/images/230x300/w/0/w0t6pqz8fpzufzp8.jpg?skj2io4l,30
Jun Sung,http://img4.bdbphotos.com/images/230x300/m/5/m5a56qt0ji9e0qjt.jpg?skj2io4l,29
Stephanie Sol,http://img6.bdbphotos.com/images/orig/d/0/d0yeuqm5dkmsqu50.jpg?skj2io4l,29
Belinda Mariano,http://img4.bdbphotos.com/images/230x300/g/y/gy6ehf5vfsgzz.jpg?skj2io4l,17
Janna Cachola,http://img4.bdbphotos.com/images/230x300/f/o/fosiflniibqginbi.jpg?skj2io4l,
Cheryl Yang,http://img4.bdbphotos.com/images/230x300/c/8/c87nhgr78mhk7g8r.jpg?skj2io4l,42
Ni Ni,http://img4.bdbphotos.com/images/230x300/e/l/elb9trdm16j0mr1d.jpg?skj2io4l,31
Yoshiko Mandai,http://img5.bdbphotos.com/images/orig/f/3/f3xf3l9l0hbpl3l3.jpg?skj2io4l,
Mae Occhilupo,http://img4.bdbphotos.com/images/230x300/2/d/2dps92uqni179p2s.jpg?skj2io4l,
Coleen Gracia,http://img4.bdbphotos.com/images/230x300/c/c/ccpjhgtgl5orgglt.jpg?skj2io4l,
Jiwan Luitel,http://img5.bdbphotos.com/images/orig/m/w/mwxmqefnhem4wmme.jpg?skj2io4l,38
Ourei Harada,http://img4.bdbphotos.com/images/230x300/v/t/vtu24o4415tf4o14.jpg?skj2io4l,
Emerson Chua,http://img5.bdbphotos.com/images/orig/f/f/ffmwvg0qg4qmwmgm.jpg?skj2io4l,
Jeong Hyeok Park,http://img4.bdbphotos.com/images/230x300/9/k/9k6j8plbck422.jpg?skj2io4l,
Jeong Ho-Young,http://img4.bdbphotos.com/images/230x300/p/a/pajknt2svpf1psfv.jpg?skj2io4l,
Nao Minamisawa,http://img4.bdbphotos.com/images/230x300/k/2/k29vvffeokqgv9fv.jpg?skj2io4l,29
Saicy Aguila,http://img4.bdbphotos.com/images/230x300/u/s/usd0upe6dkx10sud.jpg?skj2io4l,
Shu Pei,http://img4.bdbphotos.com/images/230x300/a/g/aguum5rbqvrhrh.jpg?skj2io4l,29
Barbara Miguel,http://img5.bdbphotos.com/images/orig/f/s/fshypgtvv813sfy8.jpg?skj2io4l,
Rosy Delgado,http://img4.bdbphotos.com/images/230x300/e/6/e6ydqq2lqjmrqd2q.jpg?skj2io4l,
Hiro Peralta,http://img6.bdbphotos.com/images/orig/d/z/dzhqwnwystm7ywtq.jpg?skj2io4l,
Jung-jin Lee,http://img4.bdbphotos.com/images/230x300/d/y/dynuvay5oyygyg.jpg?skj2io4l,41
Adilla Dimitri,http://img2.bdbphotos.com/images/orig/g/8/g8vnwa5gked6awg8.jpg?skj2io4l,
Yukina Kinoshita,http://img4.bdbphotos.com/images/230x300/c/u/cu63c03v62hg3uc6.jpg?skj2io4l,32
Sabrina Okamoto,http://img4.bdbphotos.com/images/230x300/h/c/hcmgzn0lk3cb3lck.jpg?skj2io4l,
Erika Kimura,http://img4.bdbphotos.com/images/230x300/i/0/i0iq6h49seirs4e9.jpg?skj2io4l,
Kwang-soo Lee,http://img4.bdbphotos.com/images/230x300/w/8/w8gevu7ipgytue7v.jpg?skj2io4l,34
Ryosuke Miura,http://img4.bdbphotos.com/images/230x300/2/w/2wver8dg3qv0.jpg?skj2io4l,
Nao Saejima,http://img4.bdbphotos.com/images/230x300/d/m/dm14i6w6zsoxs6oz.jpg?skj2io4l,
Bondy Chiu,http://img4.bdbphotos.com/images/230x300/e/i/eiv4idbsk4drbisd.jpg?skj2io4l,
Dong Woon,http://img4.bdbphotos.com/images/230x300/1/i/1irb7zbqu0xk0qxu.jpg?skj2io4l,28
Doo Joon,http://img4.bdbphotos.com/images/230x300/k/o/ko3fs02y03epep.jpg?skj2io4l,30
Takahiro Morita,http://img4.bdbphotos.com/images/230x300/m/q/mqg0unug3jen0qug.jpg?skj2io4l,
Wang Feng (singer),http://img2.bdbphotos.com/images/orig/u/z/uzml52214zgzzulz.jpg?skj2io4l,48
Estrella Lin,http://img4.bdbphotos.com/images/230x300/r/3/r35rtrc7m7e4t5rr.jpg?skj2io4l,39
Anthony Taberna,http://img1.bdbphotos.com/images/orig/i/5/i588r7rt6rd28872.jpg?skj2io4l,44
Rina Nakanishi,http://img5.bdbphotos.com/images/orig/f/5/f51sd98ajo525fso.jpg?skj2io4l,
Akkaphan Namart,http://img4.bdbphotos.com/images/230x300/8/7/870hahqlozvnzlvo.jpg?skj2io4l,34
Kang Jiyoung,http://img4.bdbphotos.com/images/230x300/r/x/rxtmnu9du0pjum9n.jpg?skj2io4l,25
Maki Nishiyama,http://img4.bdbphotos.com/images/230x300/a/p/apfypg0oozcbyppf.jpg?skj2io4l,34
Choi Han-bit,http://img4.bdbphotos.com/images/230x300/i/7/i7jw0bh4bj18w70j.jpg?skj2io4l,
Ryan Bang,http://img4.bdbphotos.com/images/230x300/f/y/fycrzpc9g1z89pgc.jpg?skj2io4l,28
G.NA,http://img4.bdbphotos.com/images/230x300/6/l/6laudgiic1y2igci.jpg?skj2io4l,32
Feng Shaofeng,http://img4.bdbphotos.com/images/230x300/k/q/kqvwkpevq1gzz.jpg?skj2io4l,41
Prabal Gurung,http://img4.bdbphotos.com/images/230x300/8/j/8jtjup20irjff.jpg?skj2io4l,
Nikhil Upreti,http://img4.bdbphotos.com/images/230x300/y/0/y05wzn1p4d0oz5nw.jpg?skj2io4l,
Teddy Park,http://img4.bdbphotos.com/images/230x300/z/x/zxk9bbvhc8uff.jpg?skj2io4l,41
Miwa (singer),http://img4.bdbphotos.com/images/230x300/e/7/e7a76di2bzc88zc.jpg?skj2io4l,29
Sunny (singer),http://img4.bdbphotos.com/images/230x300/j/b/jbpcj1nfy6ubb6u.jpg?skj2io4l,30
Nicole Jung,http://img4.bdbphotos.com/images/230x300/3/7/375efnrta1bibai1.jpg?skj2io4l,28
Kahi (entertainer),http://img1.bdbphotos.com/images/orig/h/z/hzkmwwjkg5ke5gew.jpg?skj2io4l,39
Reen Yu,http://img4.bdbphotos.com/images/230x300/f/n/fnj1ndm1eiy9mn1d.jpg?skj2io4l,32
Han Seung-yeon,http://img4.bdbphotos.com/images/230x300/k/0/k0w8oj8lsosnn.jpg?skj2io4l,31
Seo Hyo-rim,http://img4.bdbphotos.com/images/230x300/6/v/6vuprne6kw0pnper.jpg?skj2io4l,34
Uee,http://img4.bdbphotos.com/images/230x300/l/x/lxxk0m81uq4ss.jpg?skj2io4l,31
Emily Chang (journalist),http://img4.bdbphotos.com/images/230x300/x/a/xa9pm0yrajmhjrma.jpg?skj2io4l,
K.Will,http://img4.bdbphotos.com/images/230x300/a/e/aesizk8d486r.jpg?skj2io4l,38
Ki-Kwang Lee,http://img4.bdbphotos.com/images/230x300/z/x/zxm18fqx6lvqqlv.jpg?skj2io4l,29
Janice Man,http://img4.bdbphotos.com/images/230x300/5/k/5kyc2scswx0zsswc.jpg?skj2io4l,31
Minji Gong,http://img4.bdbphotos.com/images/230x300/7/6/769fs1963v0ddv0.jpg?skj2io4l,25
Rui Sakuragi,http://img5.bdbphotos.com/images/orig/c/1/c1elv4ju1kkpk1p4.jpg?skj2io4l,
Yoshika Yuhnagi,http://img6.bdbphotos.com/images/orig/7/y/7ysjv9ugnjxmy7jj.jpg?skj2io4l,18
Arika Sato,http://img4.bdbphotos.com/images/230x300/p/v/pvfrveaxoxafxeoa.jpg?skj2io4l,
Bernabe Concepcion,http://img2.bdbphotos.com/images/orig/v/g/vgcv3868hcagcg3a.jpg?skj2io4l,31
An Nanba,http://img5.bdbphotos.com/images/orig/4/4/44zbq0rrzlgmbz0m.jpg?skj2io4l,
Onew,http://img4.bdbphotos.com/images/230x300/l/j/lj7x374wf1tyy.jpg?skj2io4l,30
Linda Wang,http://img4.bdbphotos.com/images/230x300/x/u/xuan4f96759bnu4a.jpg?skj2io4l,
Tomomi Itano,http://img5.bdbphotos.com/images/orig/c/e/cemb9xmeoqvzvqm.jpg?skj2io4l,
Key (singer),http://img2.bdbphotos.com/images/orig/1/u/1ug9qv2taencguqn.jpg?skj2io4l,28
Alan Dawa Dolma,http://img4.bdbphotos.com/images/230x300/x/1/x10l7k9a8mbzmab8.jpg?skj2io4l,32
Gummy (singer),http://img4.bdbphotos.com/images/230x300/7/t/7tu449xawz56za5w.jpg?skj2io4l,38
Jam Hsiao,http://img4.bdbphotos.com/images/230x300/g/x/gxvfpntnokfzpvnf.jpg?skj2io4l,
Manami Oku,http://img4.bdbphotos.com/images/230x300/g/e/gesluu88jv6gul8u.jpg?skj2io4l,
Min Hyo-rin,http://img4.bdbphotos.com/images/230x300/s/s/ss5cm9wvufctcutf.jpg?skj2io4l,33
Yuki Kashiwagi,http://img4.bdbphotos.com/images/230x300/g/z/gzvbl0at4kl84akt.jpg?skj2io4l,
Murder of Pai Hsiao-yen,http://img5.bdbphotos.com/images/orig/c/j/cjfc8ivfoncy8cvc.jpg?skj2io4l,22
Kanokkorn Jaicheun,http://img4.bdbphotos.com/images/230x300/j/1/j17b5au23h377.jpg?skj2io4l,
Miwa Asao,http://img4.bdbphotos.com/images/230x300/0/u/0uyxczi2f7vmzxic.jpg?skj2io4l,
Shindong,http://img4.bdbphotos.com/images/230x300/6/e/6e962kdbk1jgk6d2.jpg?skj2io4l,34
Kang-in,http://img5.bdbphotos.com/images/orig/p/c/pc8hh1zch7kehckh.jpg?skj2io4l,34
Jong-woon Kim,http://img4.bdbphotos.com/images/230x300/r/x/rxg9p6qfzs85zqsf.jpg?skj2io4l,35
Farung Yuthithum,http://img4.bdbphotos.com/images/230x300/n/q/nqye4z9dofiw4yze.jpg?skj2io4l,
Tetsu Yamauchi,http://img4.bdbphotos.com/images/230x300/0/f/0fbs80hfhwouuwo.jpg?skj2io4l,73
Yukari Kuzuya,http://img4.bdbphotos.com/images/230x300/o/8/o8p3cjjqs9o339o.jpg?skj2io4l,36
Akira Takasaki,http://img5.bdbphotos.com/images/orig/w/r/wrvr6ddez1s1rvd1.jpg?skj2io4l,
Sung-min Lee,http://img4.bdbphotos.com/images/230x300/6/e/6ees2rzv3g5drsz2.jpg?skj2io4l,33
Jiro Wang,http://img4.bdbphotos.com/images/230x300/6/4/648blb9kilxvl8bb.jpg?skj2io4l,38
Hwanhee,http://img5.bdbphotos.com/images/orig/w/0/w0r38eg77iqbqig.jpg?skj2io4l,37
Jeon Hye-Bin,http://img5.bdbphotos.com/images/orig/p/o/po5yh6dsqkhnhydp.jpg?skj2io4l,36
Elvin Ng,http://img4.bdbphotos.com/images/230x300/f/a/fabbzregef90ezgr.jpg?skj2io4l,39
Margaret Lee (Singaporean actress),http://img4.bdbphotos.com/images/230x300/2/z/2zmy8j21ngax8mjy.jpg?skj2io4l,49
Nana Ozaki,http://img4.bdbphotos.com/images/230x300/t/x/tx2gwogz1sn2zo1g.jpg?skj2io4l,37
My Tam,http://img6.bdbphotos.com/images/orig/j/s/jstsoz56kuzyyz6.jpg?skj2io4l,
William Chan,http://img2.bdbphotos.com/images/orig/g/e/ge5at8igee44eg4t.jpg?skj2io4l,
Kim Jong-un,http://img4.bdbphotos.com/images/230x300/n/9/n9r5o8ikrdbxridk.jpg?skj2io4l,
Joseph Yuan-Chang Cheng,http://img4.bdbphotos.com/images/230x300/t/2/t2yogi4009cwcw.jpg?skj2io4l,
Show Luo,http://img4.bdbphotos.com/images/230x300/v/s/vs1hfkgv9oghgfvk.jpg?skj2io4l,40
Sung Si Kyung,http://img4.bdbphotos.com/images/230x300/o/d/odmkg33aglfnkdgm.jpg?skj2io4l,40
Park Hyo-shin,http://img4.bdbphotos.com/images/230x300/j/b/jbgs1dfqxdi9qdxf.jpg?skj2io4l,38
Sammul Chan,http://img4.bdbphotos.com/images/230x300/j/1/j1y7rzhqwk600k6.jpg?skj2io4l,41
Lee Pa-ni,http://img4.bdbphotos.com/images/230x300/6/p/6prsg1lc2wdeewd.jpg?skj2io4l,33
Lisa Kudô,http://img4.bdbphotos.com/images/230x300/j/w/jwrml1hu9l8gg.jpg?skj2io4l,
Kim Sung-soo,http://img4.bdbphotos.com/images/230x300/w/w/wwj0rsox7gyws0or.jpg?skj2io4l,46
Hye-rim Park,http://img4.bdbphotos.com/images/230x300/e/i/eiqpozvnl0ay0nal.jpg?skj2io4l,
Jong-Kook Kim,http://img4.bdbphotos.com/images/230x300/p/n/pnx8hsljsse00.jpg?skj2io4l,43
Miyako Miyazaki,http://img4.bdbphotos.com/images/230x300/2/b/2boj6o4nuo6767.jpg?skj2io4l,
Megumi Kawamura,http://img4.bdbphotos.com/images/230x300/p/p/pp5mpj2238cg3282.jpg?skj2io4l,
Tanya Chua,http://img4.bdbphotos.com/images/230x300/p/v/pveybyfpcz0g0g.jpg?skj2io4l,44
Debbie Wong,http://img4.bdbphotos.com/images/230x300/8/8/88dfxqbilybqqfbx.jpg?skj2io4l,
Jun Jin,http://img4.bdbphotos.com/images/230x300/t/x/txyujjpzz6a2az26.jpg?skj2io4l,
Parinya Charoenphol,http://img4.bdbphotos.com/images/230x300/w/5/w5jvbcmnznplnczm.jpg?skj2io4l,38
Shin Hye Sung,http://img4.bdbphotos.com/images/230x300/9/3/93o7q0toyt5ktqo0.jpg?skj2io4l,40
Minori Aoi,http://img4.bdbphotos.com/images/230x300/c/2/c2hng7pvjcczgh7n.jpg?skj2io4l,39
Ami Ayukawa,http://img6.bdbphotos.com/images/orig/j/a/jaom3hi7ixp93mij.jpg?skj2io4l,38
Hiroko Shimabukuro,http://img4.bdbphotos.com/images/230x300/t/c/tcu6vet2u4o7e6tv.jpg?skj2io4l,
Marina Matsushima,http://img5.bdbphotos.com/images/orig/y/g/yg3rdm3yc5mpr3mp.jpg?skj2io4l,
Ock Joo-hyun,http://img4.bdbphotos.com/images/230x300/g/x/gxeju3176xb27361.jpg?skj2io4l,39
Shoko Goto,http://img4.bdbphotos.com/images/230x300/w/y/wyy5k49xtiy9y9.jpg?skj2io4l,
Tang Jiali,http://img4.bdbphotos.com/images/230x300/a/g/aggy45ru5eqyyeq.jpg?skj2io4l,
Hikaru Koto,http://img4.bdbphotos.com/images/230x300/o/m/om15nkwtctpfwntk.jpg?skj2io4l,
Haruki Mizuno,http://img4.bdbphotos.com/images/230x300/v/y/vy5w4rgqstznntz.jpg?skj2io4l,
Paula Tsui,http://img4.bdbphotos.com/images/230x300/8/8/88nnifvyzrx7infn.jpg?skj2io4l,
Nozomi Momoi,http://img4.bdbphotos.com/images/230x300/8/p/8p3lh8vcdoj6jd6o.jpg?skj2io4l,17
Liza Wang,http://img4.bdbphotos.com/images/230x300/r/e/reuv2vijh24646.jpg?skj2io4l,72
Reina Tanaka,http://img4.bdbphotos.com/images/230x300/v/k/vkffo2exi1kqkq.jpg?skj2io4l,30
Közi,http://img4.bdbphotos.com/images/230x300/3/g/3gpy5xwmucvyvuyc.jpg?skj2io4l,
U-Know,http://img4.bdbphotos.com/images/230x300/v/u/vusdz07jktoc0d7z.jpg?skj2io4l,33
Lee Sa-bi,http://img1.bdbphotos.com/images/orig/2/8/28bn4ow3yv9i4nw2.jpg?skj2io4l,42
Pol Pot,http://img4.bdbphotos.com/images/230x300/g/2/g2lfkm8qdwq5d8wq.jpg?skj2io4l,21
Philip Lee,http://img1.bdbphotos.com/images/orig/6/5/65qxzabt9ata6aq9.jpg?skj2io4l,
Min-hee Kim,http://img4.bdbphotos.com/images/230x300/m/o/mosolyhqel1sehlq.jpg?skj2io4l,
Chang-min Son,http://img6.bdbphotos.com/images/orig/d/p/dpzk9gjbbe6wpdke.jpg?skj2io4l,54
Ali Wong,http://img4.bdbphotos.com/images/230x300/e/g/egtimihsbcw3mtii.jpg?skj2io4l,37
Rene Gube,http://img4.bdbphotos.com/images/230x300/s/m/smldv4kko9kuu9k.jpg?skj2io4l,
Jessica Lizama,http://img4.bdbphotos.com/images/230x300/a/k/akp2j5sp1x2j2j.jpg?skj2io4l,
Jake Choi,http://img4.bdbphotos.com/images/230x300/n/6/n62dv0f2bmskbfm2.jpg?skj2io4l,
Lene Lai,http://img4.bdbphotos.com/images/230x300/k/z/kzxzp0hjshkjpx0z.jpg?skj2io4l,
Ji-ah Lee,http://img4.bdbphotos.com/images/230x300/5/l/5lsdrmkc5mioi5om.jpg?skj2io4l,41
Jayson Li,http://img5.bdbphotos.com/images/orig/m/3/m3tjpudz9gf0jtu0.jpg?skj2io4l,
Natalie Tran,http://img4.bdbphotos.com/images/230x300/p/d/pdvmgpdsvu3umdgv.jpg?skj2io4l,33
Soo-bin Bae,http://img5.bdbphotos.com/images/orig/k/g/kglh866mg8708g06.jpg?skj2io4l,43
Jackie Lin,http://img2.bdbphotos.com/images/orig/5/8/58pkem7m9flmlf7.jpg?skj2io4l,
Koyuki Kato,http://img4.bdbphotos.com/images/230x300/0/v/0vnevm0uxy8bevvn.jpg?skj2io4l,
Sae Miyazawa,http://img4.bdbphotos.com/images/230x300/t/q/tq8zvqe0cbkiibk.jpg?skj2io4l,
Rezky Aditya,http://img4.bdbphotos.com/images/230x300/z/e/zeg9fcil1vo7c9if.jpg?skj2io4l,
Osamu Mukai,http://img4.bdbphotos.com/images/230x300/b/j/bj9i9zydvo33vyod.jpg?skj2io4l,
Nana Natsume,http://img4.bdbphotos.com/images/230x300/j/6/j60o4nx249w8.jpg?skj2io4l,
Yoo-jung Kim,http://img4.bdbphotos.com/images/230x300/4/w/4w3eita51xyiyi.jpg?skj2io4l,20
Audrey Vizcarra,http://img2.bdbphotos.com/images/orig/e/i/eipqj892z6f2z2fj.jpg?skj2io4l,
Jharna Thapa,http://img4.bdbphotos.com/images/230x300/r/9/r9r6tyxo6pw6pow6.jpg?skj2io4l,
Yusuke Yamamoto,http://img6.bdbphotos.com/images/orig/t/u/tutxqdowl1naqxot.jpg?skj2io4l,31
Eun-jeong Ham,http://img4.bdbphotos.com/images/230x300/a/j/ajmovonwzwp6wozn.jpg?skj2io4l,31
Meguru Kosaka,http://img1.bdbphotos.com/images/orig/6/z/6z7tdxm2zy4k6k7z.jpg?skj2io4l,
Mayura Hoshizuki,http://img4.bdbphotos.com/images/230x300/p/d/pdxgst63w3ey.jpg?skj2io4l,
Roy Chiu,http://img4.bdbphotos.com/images/230x300/x/2/x2uwkqprprjupprr.jpg?skj2io4l,38
Hawick Lau,http://img4.bdbphotos.com/images/230x300/j/t/jtkfmmnk2c9o92oc.jpg?skj2io4l,45
Mikie Hara,http://img4.bdbphotos.com/images/230x300/x/v/xvs0qh9esp8u0vqs.jpg?skj2io4l,
Sang-Yoon Lee,http://img2.bdbphotos.com/images/orig/5/r/5rs09118rs6oo68.jpg?skj2io4l,38
Rena Nônen,http://img4.bdbphotos.com/images/230x300/e/o/eoph73rt26og3hr7.jpg?skj2io4l,
Aimee Chan,http://img4.bdbphotos.com/images/230x300/1/o/1olfem2ymz31mf2e.jpg?skj2io4l,
Ana Abad Santos,http://img2.bdbphotos.com/images/orig/9/t/9tgivrdd9v0kigrk.jpg?skj2io4l,
Rose Chan,http://img4.bdbphotos.com/images/230x300/y/e/ye5pe7ydqqvff.jpg?skj2io4l,
Zhu Zhu,http://img4.bdbphotos.com/images/230x300/w/p/wpq3qe6t72h22th7.jpg?skj2io4l,35
Chantavit Dhanasevi,http://img2.bdbphotos.com/images/orig/v/s/vso4cd24l50jc42v.jpg?skj2io4l,
Iko Uwais,http://img4.bdbphotos.com/images/230x300/k/k/kkdhpdnf87e9e897.jpg?skj2io4l,36
Flora Chong-Leen,http://img4.bdbphotos.com/images/230x300/i/n/int6i1pk4q3pqk34.jpg?skj2io4l,60
Kit Chan,http://img1.bdbphotos.com/images/orig/2/x/2xudds9bznplnzls.jpg?skj2io4l,
Michelle Chong,http://img4.bdbphotos.com/images/230x300/2/2/22wrt0fild2g2g.jpg?skj2io4l,42
Kono Kalakaua,http://img4.bdbphotos.com/images/230x300/4/z/4zy5lmk9wwvccwv.jpg?skj2io4l,
Thia Megia,http://img4.bdbphotos.com/images/230x300/5/7/57mze7ehov9wem7z.jpg?skj2io4l,24
Su Yung,http://img4.bdbphotos.com/images/230x300/x/i/xijbdse4d2qade24.jpg?skj2io4l,
G.B. Sampedro,http://img5.bdbphotos.com/images/orig/k/s/ksc3jji8j5rfj3ik.jpg?skj2io4l,
Kitkat,http://img1.bdbphotos.com/images/orig/z/y/zyv9i98qda1hq8a9.jpg?skj2io4l,
Jefferson Niño Lim,http://img2.bdbphotos.com/images/orig/1/v/1v1rpenxcxbfprn1.jpg?skj2io4l,
Seo Woo,http://img4.bdbphotos.com/images/230x300/w/s/ws7xa8mwfqxgw8fm.jpg?skj2io4l,34
Young-won Min,http://img4.bdbphotos.com/images/230x300/b/7/b72rivtaycw4avyt.jpg?skj2io4l,35
Si-young Lee,http://img6.bdbphotos.com/images/orig/7/s/7sr9r7r3bjvyrsrv.jpg?skj2io4l,37
Miku Ueno,http://img2.bdbphotos.com/images/orig/l/3/l32s9aqrcrsisrq.jpg?skj2io4l,
Etsuko Yawata,http://img4.bdbphotos.com/images/230x300/0/c/0cegbgfoc3o8ggfb.jpg?skj2io4l,
Yumi Egawa,http://img4.bdbphotos.com/images/230x300/p/x/px793p5htw4i9x37.jpg?skj2io4l,
Kanuko,http://img1.bdbphotos.com/images/orig/b/7/b7tqdwjyfkgvgkj.jpg?skj2io4l,
Peng Lin,http://img5.bdbphotos.com/images/orig/c/x/cxh2myxwyrsfsrx.jpg?skj2io4l,33
Jing Lusi,http://img4.bdbphotos.com/images/230x300/r/b/rbpck8zry3488.jpg?skj2io4l,4
Jeong-eum Hwang,http://img4.bdbphotos.com/images/230x300/4/m/4mgtmhdnncizdmnh.jpg?skj2io4l,34
Mika Yabe,http://img4.bdbphotos.com/images/230x300/m/n/mn2idnpll479947.jpg?skj2io4l,
Far East Movement,http://img4.bdbphotos.com/images/230x300/w/v/wvrh8hbzr2i7ir72.jpg?skj2io4l,
Kei Marimura,http://img4.bdbphotos.com/images/230x300/w/7/w7pibezgspc6cs6p.jpg?skj2io4l,
Sylvia Ratonel,http://img4.bdbphotos.com/images/230x300/k/e/kevyi0vxspxn.jpg?skj2io4l,31
Hye-yeong Lee,http://img1.bdbphotos.com/images/orig/b/f/bf1c60sky707c107.jpg?skj2io4l,57
Lance Ito,http://img4.bdbphotos.com/images/230x300/v/u/vuzqxzhwwesa.jpg?skj2io4l,69
EJ Muscat,http://img2.bdbphotos.com/images/orig/v/o/vo9wzwpylj6aly6z.jpg?skj2io4l,
Chadleen Lacdo-o,http://img4.bdbphotos.com/images/230x300/p/y/pyeyiz5dn85xx.jpg?skj2io4l,
Choi Hong Man,http://img4.bdbphotos.com/images/230x300/3/c/3c1oj8h182fi8ohj.jpg?skj2io4l,
Miko Samson,http://img2.bdbphotos.com/images/orig/5/b/5bkfhy48lds454kl.jpg?skj2io4l,
Monica Mok,http://img4.bdbphotos.com/images/230x300/m/h/mhal8hbui68f6u8i.jpg?skj2io4l,
Soo-hyun Hong,http://img5.bdbphotos.com/images/orig/y/t/ytrm7z92uxicxucz.jpg?skj2io4l,38
Gian Carlos,http://img4.bdbphotos.com/images/230x300/a/q/aqrs5tfveq6ff.jpg?skj2io4l,
Bryan Revilla,http://img4.bdbphotos.com/images/230x300/i/u/iu99ifvyztc8.jpg?skj2io4l,
Theresa June-Tao,http://img4.bdbphotos.com/images/230x300/x/x/xx9e9wewq9ykwwqe.jpg?skj2io4l,
Tsuyoshi Takashiro,http://img6.bdbphotos.com/images/orig/3/x/3x2f5dkvqkvq3q2q.jpg?skj2io4l,
Akiko Suzuki,http://img4.bdbphotos.com/images/230x300/2/v/2voqpi2x96dcdc.jpg?skj2io4l,
Xue Shen,http://img6.bdbphotos.com/images/orig/d/h/dhtp28ij89eb82jh.jpg?skj2io4l,41
Min-Jeong Kwak,http://img4.bdbphotos.com/images/230x300/n/u/nutdbl59zewpbtld.jpg?skj2io4l,25
Yuko Kawaguchi,http://img1.bdbphotos.com/images/orig/r/k/rkjb5efrgmr0e5rk.jpg?skj2io4l,
Jin Zhang,http://img4.bdbphotos.com/images/230x300/b/7/b7v78mrox9988.jpg?skj2io4l,
Benjamin Alves,http://img4.bdbphotos.com/images/230x300/g/y/gy31vtrg0wjh1yv3.jpg?skj2io4l,30
Ha-seon Park,http://img4.bdbphotos.com/images/230x300/2/b/2bpcj239n3y139yn.jpg?skj2io4l,32
Melai Cantiveros,http://img4.bdbphotos.com/images/230x300/z/x/zxzo7e7xk9xsk79x.jpg?skj2io4l,
Ho-bin Jeong,http://img4.bdbphotos.com/images/230x300/p/p/pp3ari184ppgp4gp.jpg?skj2io4l,
Ha-yoon Song,http://img1.bdbphotos.com/images/orig/z/4/z4rb75gktlh2r47h.jpg?skj2io4l,
Minnie Aguilar,http://img2.bdbphotos.com/images/orig/v/3/v33q70dgqio53vqi.jpg?skj2io4l,
Cynthia Koh,http://img4.bdbphotos.com/images/230x300/r/z/rznwkxvb2rlzrbl2.jpg?skj2io4l,45
Atsuki Ueda,http://img4.bdbphotos.com/images/230x300/e/7/e74wfbe52itni5t2.jpg?skj2io4l,
Miko Yani,http://img1.bdbphotos.com/images/orig/h/9/h9yqypmu980dd0u.jpg?skj2io4l,
Danny Ting,http://img4.bdbphotos.com/images/230x300/w/1/w13rgwuetvwbr1g3.jpg?skj2io4l,
Jenn An,http://img4.bdbphotos.com/images/230x300/l/a/la5d9gjadbh8.jpg?skj2io4l,
Inoue Mao,http://img4.bdbphotos.com/images/230x300/7/6/760nrozewdyiidy.jpg?skj2io4l,
Ye Li,http://img4.bdbphotos.com/images/230x300/z/9/z9crxtsuity66ty.jpg?skj2io4l,38
Megan Lee,http://img4.bdbphotos.com/images/230x300/y/j/yjet9h1ca80ftj9e.jpg?skj2io4l,24
Hong Chau,http://img4.bdbphotos.com/images/230x300/h/r/hr3i15ram9mjir13.jpg?skj2io4l,40
Haley Tju,http://img4.bdbphotos.com/images/230x300/m/b/mbgf99twt37ftt3w.jpg?skj2io4l,
Laura Ling,http://img4.bdbphotos.com/images/230x300/a/q/aqkvqfiyfmncvqqk.jpg?skj2io4l,43
Margaret Tu Chuan,http://img4.bdbphotos.com/images/230x300/0/d/0dt6ar5umacg5aur.jpg?skj2io4l,50
Arisa Mizuki,http://img4.bdbphotos.com/images/230x300/3/k/3ksjzv4kow3t.jpg?skj2io4l,43
Mavis Fan,http://img2.bdbphotos.com/images/orig/e/z/ezh0wb3ysxur3bsh.jpg?skj2io4l,42
Meiko Kaji,http://img2.bdbphotos.com/images/orig/g/q/gqra1h4k9ipepi4.jpg?skj2io4l,72
Mike Chang,http://img4.bdbphotos.com/images/230x300/v/n/vnauiup050xe00x5.jpg?skj2io4l,
Asuka Kondoh,http://img6.bdbphotos.com/images/orig/x/8/x8wfr5ggep2wxwwe.jpg?skj2io4l,
Judy Ho,http://img4.bdbphotos.com/images/230x300/m/5/m5g27j5ub9tqq.jpg?skj2io4l,
Jewelyn Tamsing,http://img5.bdbphotos.com/images/orig/w/q/wqzgigf1hdy61fdg.jpg?skj2io4l,
Claudia Kim,http://img4.bdbphotos.com/images/230x300/5/l/5lfz7yap4kshhks.jpg?skj2io4l,
Tian Yi,http://img4.bdbphotos.com/images/230x300/5/h/5h5auaikeu7paaiu.jpg?skj2io4l,26
John Medina,http://img4.bdbphotos.com/images/230x300/b/1/b1qp4xt6y35gg.jpg?skj2io4l,34
Dr. Cristina Yang,http://img4.bdbphotos.com/images/230x300/v/h/vhx66q3i8p6464.jpg?skj2io4l,
Lang Lang,http://img2.bdbphotos.com/images/orig/g/4/g46x87pry63178r4.jpg?skj2io4l,37
Raquel Villavicencio,http://img2.bdbphotos.com/images/orig/l/b/lbg6e0szc4afzs46.jpg?skj2io4l,
Ryuichi Sakamoto,http://img4.bdbphotos.com/images/230x300/7/x/7xqm7q9ul38vuql9.jpg?skj2io4l,67
Yuka Sato,http://img4.bdbphotos.com/images/230x300/1/x/1xqbhkki4mjjbxhq.jpg?skj2io4l,46
Jordan Dang,http://img5.bdbphotos.com/images/orig/y/8/y8su4p1zlnrkz1nu.jpg?skj2io4l,
Dominic Zapata,http://img1.bdbphotos.com/images/orig/b/p/bpmexeaul8fef8a.jpg?skj2io4l,48
Alexandra Fong,http://img5.bdbphotos.com/images/orig/8/i/8i0oql3smw8k3lm0.jpg?skj2io4l,
Cho Chang,http://img4.bdbphotos.com/images/230x300/f/s/fse72wq875wxw7q2.jpg?skj2io4l,
Beauty Gonzalez,http://img4.bdbphotos.com/images/230x300/1/q/1qwigs6uz8au6gus.jpg?skj2io4l,28
Tess Antonio,http://img4.bdbphotos.com/images/230x300/5/1/51pq7owl7y5clo7w.jpg?skj2io4l,
London Tipton,http://img4.bdbphotos.com/images/230x300/r/l/rlk80pea6ui5ap6e.jpg?skj2io4l,
Demi Jessica,http://img4.bdbphotos.com/images/230x300/w/2/w2t2yxmmhynyx2my.jpg?skj2io4l,
Sandy Talag,http://img1.bdbphotos.com/images/orig/0/4/0419ax028gatxa24.jpg?skj2io4l,21
Susan Dumagan,http://img1.bdbphotos.com/images/orig/h/v/hvv5ifjh12kqvh52.jpg?skj2io4l,
Phillip Lim,http://img1.bdbphotos.com/images/orig/h/1/h1da4vcso0cm0omv.jpg?skj2io4l,
P’Gao Natdanai Reungkitthiya,http://img2.bdbphotos.com/images/orig/g/a/ga191rhityoaihy9.jpg?skj2io4l,
Kazuki Nakajima,http://img4.bdbphotos.com/images/230x300/f/m/fmucu1ro0embb.jpg?skj2io4l,34
Amelia Elcar,http://img4.bdbphotos.com/images/230x300/e/5/e5vf48gnmsvysnvm.jpg?skj2io4l,
Leilani Jimenez,http://img5.bdbphotos.com/images/orig/c/l/cl3w54k4a8ltl8k.jpg?skj2io4l,
Tsuguharu Fujita,http://img2.bdbphotos.com/images/orig/u/b/ubzryl70y9x1zbyx.jpg?skj2io4l,51
Konrad Ng,http://img5.bdbphotos.com/images/orig/c/j/cjttau7940shtjas.jpg?skj2io4l,
Lisa Ono,http://img4.bdbphotos.com/images/230x300/5/v/5vvq9zfsmvidvsim.jpg?skj2io4l,57
Robert Ho,http://img5.bdbphotos.com/images/orig/k/x/kx6uikom0pvhkh60.jpg?skj2io4l,
Sharina Gutierrez,http://img4.bdbphotos.com/images/230x300/n/c/nc5g3u924fxi.jpg?skj2io4l,
Rebecca Tan,http://img4.bdbphotos.com/images/230x300/z/g/zgeppdnv423f4n2v.jpg?skj2io4l,
Kyung-Ah Song,http://img4.bdbphotos.com/images/230x300/r/w/rwg7hcxti2h11.jpg?skj2io4l,
Du Juan,http://img4.bdbphotos.com/images/230x300/z/5/z57ujqqs2i0v.jpg?skj2io4l,
Anne Watanabe,http://img4.bdbphotos.com/images/230x300/3/0/30q1d5texjbrdq51.jpg?skj2io4l,
Chiaki Morita,http://img4.bdbphotos.com/images/230x300/d/i/diat074v9ih57t40.jpg?skj2io4l,
Carol Lin,http://img4.bdbphotos.com/images/230x300/c/j/cj7kmjragxir.jpg?skj2io4l,
George Hu,http://img4.bdbphotos.com/images/230x300/n/e/neu2x1zxtdl8tzdx.jpg?skj2io4l,
Andrea Jung,http://img4.bdbphotos.com/images/230x300/c/j/cj37mhia952xx.jpg?skj2io4l,
Akio Morita,http://img4.bdbphotos.com/images/230x300/m/3/m3tzv4jrf5jwr4fj.jpg?skj2io4l,20
Yuu Kashii,http://img5.bdbphotos.com/images/orig/c/j/cj1yfxq8snpefyqc.jpg?skj2io4l,
Miho Tanaka,http://img4.bdbphotos.com/images/230x300/c/j/cj1y9nhmr2b5nyh9.jpg?skj2io4l,
Maya Lin,http://img4.bdbphotos.com/images/230x300/c/j/cj1u04t9lesr4ut0.jpg?skj2io4l,60
Witwisit Hiranyawongkul,http://img4.bdbphotos.com/images/230x300/l/l/llpqz9iktj70tijk.jpg?skj2io4l,30
Amy Okuda,http://img5.bdbphotos.com/images/orig/f/1/f1b5ihyszgg3ggy.jpg?skj2io4l,30
Sara Nguyen,http://img4.bdbphotos.com/images/230x300/e/t/etva6nn8fzaqqza.jpg?skj2io4l,
Tina Huang,http://img4.bdbphotos.com/images/230x300/r/p/rplwhqk4s495qwkh.jpg?skj2io4l,
Catherine Haena Kim,http://img4.bdbphotos.com/images/230x300/0/f/0fgc3npz7rjdrzj7.jpg?skj2io4l,
Mariko Kawana,http://img4.bdbphotos.com/images/230x300/5/o/5o0kmf0t7k9xm0fk.jpg?skj2io4l,
Linda Vu,http://img4.bdbphotos.com/images/230x300/c/i/cimik9ujoze8eo8z.jpg?skj2io4l,
Michelle Yi,http://img5.bdbphotos.com/images/orig/f/n/fnulsqxyd5q33qy.jpg?skj2io4l,
Elanne Kwong,http://img4.bdbphotos.com/images/230x300/g/8/g8zvsmhvdr7rvmdh.jpg?skj2io4l,32
Eda Nolan,http://img4.bdbphotos.com/images/230x300/3/5/35m3tltx4jy0y40j.jpg?skj2io4l,31
Kii Kitano,http://img4.bdbphotos.com/images/230x300/k/2/k2cqz8swlnogzc8q.jpg?skj2io4l,
Ethan Juan,http://img4.bdbphotos.com/images/230x300/g/7/g7q0b8jmjihkimhj.jpg?skj2io4l,
Victor Basa,http://img4.bdbphotos.com/images/230x300/s/s/ss9e3073zv4j4zjv.jpg?skj2io4l,34
Nao Matsushita,http://img4.bdbphotos.com/images/230x300/j/o/jovmz30bbgynybng.jpg?skj2io4l,34
Jimmy Lin,http://img5.bdbphotos.com/images/orig/8/t/8toymqup4iu2yoq2.jpg?skj2io4l,
Fala Chen,http://img4.bdbphotos.com/images/230x300/s/p/spntcmv5b8dftpcn.jpg?skj2io4l,37
Ji-hun Ju,http://img4.bdbphotos.com/images/230x300/o/h/ohvyatx3233x3332.jpg?skj2io4l,37
Bosco Wong,http://img4.bdbphotos.com/images/230x300/r/i/rijbese4dwqzz.jpg?skj2io4l,39
Ai Cherie,http://img4.bdbphotos.com/images/230x300/z/4/z4qnguun5rbqq.jpg?skj2io4l,
Seok-jin Ha,http://img2.bdbphotos.com/images/orig/l/j/ljgolr6vfoyarlvj.jpg?skj2io4l,37
Sun Fei Fei,http://img4.bdbphotos.com/images/230x300/o/h/oht16or9j1btjr19.jpg?skj2io4l,38
Kate Tsui,http://img4.bdbphotos.com/images/230x300/3/t/3tuod4t0nsf22sf.jpg?skj2io4l,
Eri Kikuchi,http://img6.bdbphotos.com/images/orig/q/1/q1lgh8x7oarbqblo.jpg?skj2io4l,
Gina Choe,http://img4.bdbphotos.com/images/230x300/g/s/gsyqfp819na8.jpg?skj2io4l,
Ah-sung Ko,http://img4.bdbphotos.com/images/230x300/q/w/qwakpuk9z9hnn.jpg?skj2io4l,27
Nyomi Zen,http://img6.bdbphotos.com/images/orig/3/g/3gsw7wbb2nyzn2zw.jpg?skj2io4l,
Manami Yoshii,http://img2.bdbphotos.com/images/orig/a/r/ark9w7uw9p4nank9.jpg?skj2io4l,
Shôta Matsuda,http://img5.bdbphotos.com/images/orig/c/f/cfhodhzjlbr5bl5h.jpg?skj2io4l,34
Ji Sung Park,http://img5.bdbphotos.com/images/orig/c/i/cigr0allkv94c4gk.jpg?skj2io4l,38
Nathan Lopez,http://img4.bdbphotos.com/images/230x300/5/2/52z82x5wmmbgg.jpg?skj2io4l,28
Telly Leung,http://img4.bdbphotos.com/images/230x300/0/w/0wy9ch881lngg.jpg?skj2io4l,39
Jayson Gainza,http://img6.bdbphotos.com/images/orig/7/5/75a0uaoj33iyu0o7.jpg?skj2io4l,
Atsushi Sakurai,http://img4.bdbphotos.com/images/230x300/5/6/567dvy3sw4vava.jpg?skj2io4l,
Saaya,http://img4.bdbphotos.com/images/230x300/a/7/a78p1y5ry334433.jpg?skj2io4l,26
Ok-bin Kim,http://img4.bdbphotos.com/images/230x300/3/j/3jq2881qxyga18q8.jpg?skj2io4l,32
Ye-ryeon Cha,http://img4.bdbphotos.com/images/230x300/b/j/bjnogbd0ui3vgnbo.jpg?skj2io4l,34
Chin Han,http://img4.bdbphotos.com/images/230x300/4/7/47ur2wlzwk1ppk1.jpg?skj2io4l,50
Nana Eikura,http://img4.bdbphotos.com/images/230x300/u/j/uj67rpu1wg399.jpg?skj2io4l,31
Dan Chupong,http://img2.bdbphotos.com/images/orig/9/0/9075hyn4fwd657y6.jpg?skj2io4l,
Trina Legaspi,http://img4.bdbphotos.com/images/230x300/j/1/j1otb1qfuipeqbf1.jpg?skj2io4l,
Ai Kurosawa,http://img4.bdbphotos.com/images/230x300/o/3/o37s8yb0jphbhjbp.jpg?skj2io4l,
Xin-zhe Zhang,http://img4.bdbphotos.com/images/230x300/u/w/uwbgpbz7cfumzp7b.jpg?skj2io4l,52
Patricia Lam Fung,http://img4.bdbphotos.com/images/230x300/6/q/6qdf3hla7sy4ah7l.jpg?skj2io4l,
Thanh Van Ngo,http://img4.bdbphotos.com/images/230x300/5/5/55cd6az4j3pdz64a.jpg?skj2io4l,40
Diana Chang Chung Wen,http://img4.bdbphotos.com/images/230x300/9/p/9p4lfnl45q4ff4nl.jpg?skj2io4l,
Sakurako Kaoru,http://img4.bdbphotos.com/images/230x300/0/4/04h95v62kf13k6f2.jpg?skj2io4l,
Yû Yamada,http://img4.bdbphotos.com/images/230x300/c/9/c9w7p6u3s14h79pw.jpg?skj2io4l,
Hao Chen,http://img4.bdbphotos.com/images/230x300/e/6/e6ydapw2a19od6ay.jpg?skj2io4l,40
Leili Koshi,http://img1.bdbphotos.com/images/orig/s/m/smruk6bzvzgpzbzu.jpg?skj2io4l,
Allenina W.,http://img4.bdbphotos.com/images/230x300/u/h/uh93wzr4zn5yz3rw.jpg?skj2io4l,
Nana Mizuki,http://img4.bdbphotos.com/images/230x300/c/2/c2fextl6bdgaadg.jpg?skj2io4l,
Tavia Yeung,http://img2.bdbphotos.com/images/orig/5/e/5e228lmo2nqfl8oe.jpg?skj2io4l,40
Mi-ri Gyeon,http://img2.bdbphotos.com/images/orig/a/f/afbxol03skmpbfom.jpg?skj2io4l,55
Ji-hye Han,http://img4.bdbphotos.com/images/230x300/f/c/fcrz6mqdjcnoq6dm.jpg?skj2io4l,35
Charlie Trairat,http://img4.bdbphotos.com/images/230x300/o/f/of9kilcvkno5kfi9.jpg?skj2io4l,
Rino Nakasone,http://img4.bdbphotos.com/images/230x300/7/g/7gz2hiqnvhkl.jpg?skj2io4l,40
Dong-won Kang,http://img4.bdbphotos.com/images/230x300/u/f/ufva5b0a3fmnn.jpg?skj2io4l,38
Mamoru Miyano,http://img4.bdbphotos.com/images/230x300/b/t/bt18c8q9b1qpp1q.jpg?skj2io4l,36
So-yeon Lee,http://img4.bdbphotos.com/images/230x300/g/q/gqoowpiwe460046.jpg?skj2io4l,37
Alec Su,http://img4.bdbphotos.com/images/230x300/6/s/6sa4j4pd5dxj.jpg?skj2io4l,46
Julie Yeh Feng,http://img4.bdbphotos.com/images/230x300/7/3/73ah6sphqndjqpnh.jpg?skj2io4l,
Maye Choo,http://img5.bdbphotos.com/images/orig/c/i/ci5ea8e2ydzv2ede.jpg?skj2io4l,
Han-byeol Park,http://img4.bdbphotos.com/images/230x300/3/s/3sl5q1qex7titxi7.jpg?skj2io4l,35
Risa Niigaki,http://img4.bdbphotos.com/images/230x300/9/g/9g678c6b2bc868bc.jpg?skj2io4l,
Seo-hyeong Kim,http://img4.bdbphotos.com/images/230x300/b/h/bhlzgmz8sr4rszr8.jpg?skj2io4l,46
Hye-jeong Kang,http://img4.bdbphotos.com/images/230x300/g/1/g128vziv4zktz8iv.jpg?skj2io4l,37
Raymond Lam,http://img1.bdbphotos.com/images/orig/z/w/zw7ahjbip68ga7jg.jpg?skj2io4l,40
Miyuki Kanbe,http://img5.bdbphotos.com/images/orig/y/h/yhwcin7ejapoic7y.jpg?skj2io4l,
Haruka Umeda,http://img4.bdbphotos.com/images/230x300/h/7/h7jwp8mr81qi1rq8.jpg?skj2io4l,
Marife Necesito,http://img4.bdbphotos.com/images/230x300/7/g/7gdocpmgcmb6ogcd.jpg?skj2io4l,
Randall Park,http://img4.bdbphotos.com/images/230x300/b/j/bj411m3lb3rvrbv3.jpg?skj2io4l,45
Hannah Wang,http://img1.bdbphotos.com/images/orig/6/h/6hw998q1c1s5h691.jpg?skj2io4l,
Philip Ng,http://img4.bdbphotos.com/images/230x300/c/i/cidm6bpunb1jnpbu.jpg?skj2io4l,
Bo-lin Chen,http://img4.bdbphotos.com/images/230x300/v/2/v26winaoeh0aa.jpg?skj2io4l,
Dechen Wangdu,http://img1.bdbphotos.com/images/orig/h/x/hxke5ko3g6mtg3m5.jpg?skj2io4l,21
Hiroki Narimiya,http://img1.bdbphotos.com/images/orig/6/m/6mlqatxp7bfnxt7l.jpg?skj2io4l,
Seon-a Kim,http://img2.bdbphotos.com/images/orig/1/o/1o9a2kxs31qfo1a1.jpg?skj2io4l,44
Rachel Maryam Sayidina,http://img5.bdbphotos.com/images/orig/c/i/ci2g75goee0bogeg.jpg?skj2io4l,
Na-yeong Lee,http://img4.bdbphotos.com/images/230x300/h/i/hiw3tzcb3i9j3cib.jpg?skj2io4l,40
Emi Suzuki,http://img4.bdbphotos.com/images/230x300/i/r/iru7o1pgkldlou17.jpg?skj2io4l,34
Ivy Lee,http://img4.bdbphotos.com/images/230x300/o/d/odgiyg4tksgdidyg.jpg?skj2io4l,46
Jon Chu,http://img4.bdbphotos.com/images/230x300/a/r/arl2xm84djuqm28x.jpg?skj2io4l,40
Natsuki Okamoto,http://img2.bdbphotos.com/images/orig/9/e/9ejewok3wwhve9ew.jpg?skj2io4l,30
Luana Strode,http://img5.bdbphotos.com/images/orig/m/m/mm15ayu1grklg1ka.jpg?skj2io4l,
Niki Chow,http://img4.bdbphotos.com/images/230x300/m/m/mmjjogbixuv0gjbo.jpg?skj2io4l,
Cung Le,http://img4.bdbphotos.com/images/230x300/x/9/x9fazyjtzxkqkzqx.jpg?skj2io4l,47
Yumika Hayashi,http://img4.bdbphotos.com/images/230x300/s/8/s8js1i36xf3nis31.jpg?skj2io4l,14
Myolie Wu,http://img4.bdbphotos.com/images/230x300/w/s/wsjkntqcvpx99px.jpg?skj2io4l,40
Connie Chan,http://img4.bdbphotos.com/images/230x300/p/c/pcuy3dtg5f923udy.jpg?skj2io4l,
Hiroshi Tamaki,http://img4.bdbphotos.com/images/230x300/w/u/wur65pj2uv7e6u5r.jpg?skj2io4l,39
Mi-seon Jeon,http://img6.bdbphotos.com/images/orig/7/6/764iq2m0w7x4w0xq.jpg?skj2io4l,47
Mi-suk Lee,http://img5.bdbphotos.com/images/orig/y/5/y5rby0dmss9xmdsb.jpg?skj2io4l,59
Yun-ah Song,http://img1.bdbphotos.com/images/orig/i/6/i6hhuqol34wz3lwu.jpg?skj2io4l,46
Anza Oyama,http://img5.bdbphotos.com/images/orig/4/d/4dsjel82lxsnd4jx.jpg?skj2io4l,43
Ellen Cho,http://img5.bdbphotos.com/images/orig/c/h/chzjnclewcuccue.jpg?skj2io4l,
Sheila Majid,http://img6.bdbphotos.com/images/orig/7/8/78xbsaeuc8mmsbe7.jpg?skj2io4l,
Ji-tae Yu,http://img4.bdbphotos.com/images/230x300/y/k/ykj3bnoguqrcn3ob.jpg?skj2io4l,43
Jacky Wu,http://img4.bdbphotos.com/images/230x300/v/y/vythtlxkervyyrv.jpg?skj2io4l,45
Carter Wong,http://img4.bdbphotos.com/images/230x300/1/l/1ljv97dwodpld9w7.jpg?skj2io4l,72
Monique Wilson,http://img1.bdbphotos.com/images/orig/s/n/sn3rhu47siausu3s.jpg?skj2io4l,
Greg Watanabe,http://img4.bdbphotos.com/images/230x300/s/m/smjz42hnuum64j2z.jpg?skj2io4l,52
Dave Wong,http://img2.bdbphotos.com/images/orig/v/7/v7sjultup9xwvwsp.jpg?skj2io4l,
Manu Tupou,http://img5.bdbphotos.com/images/orig/c/h/chwqxzrn0sddxqrc.jpg?skj2io4l,15
Ming Tsai,http://img4.bdbphotos.com/images/230x300/8/d/8dsa8imh5qhkm8hi.jpg?skj2io4l,55
Tram-Anh Tran,http://img4.bdbphotos.com/images/230x300/d/r/dre8aonfxhdx.jpg?skj2io4l,40
Win Min Than,http://img4.bdbphotos.com/images/230x300/n/8/n8xotargkemkrtga.jpg?skj2io4l,
Yumi Takigawa,http://img4.bdbphotos.com/images/230x300/c/k/ckp0ujk0mdxxmkd0.jpg?skj2io4l,
Aya Takanashi,http://img2.bdbphotos.com/images/orig/9/4/94koe6h38vvl6e34.jpg?skj2io4l,
Hitomi Takahashi,http://img5.bdbphotos.com/images/orig/c/h/chvuii430nn1c1v0.jpg?skj2io4l,
Saki St. Jermaine,http://img6.bdbphotos.com/images/orig/q/1/q1ysr2vapb1tqtyp.jpg?skj2io4l,
Machiko Soga,http://img5.bdbphotos.com/images/orig/m/u/mukdwn1tn2qhwd1m.jpg?skj2io4l,13
Hyeon-jun Shin,http://img4.bdbphotos.com/images/230x300/j/c/jc8hht804a6jth8h.jpg?skj2io4l,51
Ha-kyun Shin,http://img4.bdbphotos.com/images/230x300/0/k/0ko1tqlfq6dq6fdq.jpg?skj2io4l,45
Eihi Shiina,http://img5.bdbphotos.com/images/orig/c/o/coqg6dscoog5ocg6.jpg?skj2io4l,43
Kien Shih,http://img4.bdbphotos.com/images/230x300/8/8/88nybrdvpcsgrydb.jpg?skj2io4l,10
Kei Satô,http://img6.bdbphotos.com/images/orig/o/u/oul1rw4bps1uspuw.jpg?skj2io4l,
Rey-Phillip Santos,http://img4.bdbphotos.com/images/230x300/c/h/chtn7xuvuv2zz.jpg?skj2io4l,
Jade Ryusaki,http://img5.bdbphotos.com/images/orig/c/9/c9trtwl5em509crm.jpg?skj2io4l,
Bembol Roco,http://img4.bdbphotos.com/images/230x300/g/n/gnhyn65fqfru5nf6.jpg?skj2io4l,66
James Pax,http://img2.bdbphotos.com/images/orig/v/z/vzhqsnwhstm7sqwv.jpg?skj2io4l,
Machiko Ono,http://img4.bdbphotos.com/images/230x300/8/c/8cei4o9qx8o694qo.jpg?skj2io4l,38
Judy Ongg,http://img6.bdbphotos.com/images/orig/j/3/j3grdr7avma6g3da.jpg?skj2io4l,
Andy On,http://img4.bdbphotos.com/images/230x300/d/v/dvfrveumfmhlmmhf.jpg?skj2io4l,
Takanori Nishikawa,http://img4.bdbphotos.com/images/230x300/5/d/5dxh3j7c385s73cj.jpg?skj2io4l,
Geeling Ng,http://img5.bdbphotos.com/images/orig/y/2/y2s6cxvufe9ds2c9.jpg?skj2io4l,
Napakpapha Nakprasitte,http://img4.bdbphotos.com/images/230x300/b/x/bxysgsm4oqnbomq4.jpg?skj2io4l,38
Masako Natsume,http://img1.bdbphotos.com/images/orig/i/j/iji9ktrvpcdhvrc9.jpg?skj2io4l,34
Shinobu Nakayama,http://img4.bdbphotos.com/images/230x300/g/y/gy337dfelc3jedlf.jpg?skj2io4l,46
Masahiro Motoki,http://img4.bdbphotos.com/images/230x300/s/4/s43dhmytgz2rgyzt.jpg?skj2io4l,
K.K. Moggie,http://img6.bdbphotos.com/images/orig/x/b/xbax7iu5448vv85.jpg?skj2io4l,
Kumi Mizuno,http://img6.bdbphotos.com/images/orig/7/o/7oa1xwdu6zc00cu.jpg?skj2io4l,82
Shigeru Miyamoto,http://img4.bdbphotos.com/images/230x300/c/h/chpiu30q1rq33rq.jpg?skj2io4l,67
Issei Miyake,http://img1.bdbphotos.com/images/orig/6/f/6fu8ibo04la38ub3.jpg?skj2io4l,81
Nobu McCarthy,http://img4.bdbphotos.com/images/230x300/k/k/kk78txu2en4u2xeu.jpg?skj2io4l,17
Eiko Matsuda,http://img4.bdbphotos.com/images/230x300/c/z/cziv2psr4rak4srr.jpg?skj2io4l,
Tessa Ludwick,http://img4.bdbphotos.com/images/230x300/d/r/dr4u2lbip9ghilpb.jpg?skj2io4l,31
Ivy Ling Po,http://img4.bdbphotos.com/images/230x300/0/b/0bsh526k91iy5s2h.jpg?skj2io4l,-7330
Pik Sen Lim,http://img6.bdbphotos.com/images/orig/7/o/7omksqe562qhqs5o.jpg?skj2io4l,75
Li Ching,http://img4.bdbphotos.com/images/230x300/p/7/p7qvdueehpa88.jpg?skj2io4l,2
Bruce Li,http://img4.bdbphotos.com/images/230x300/m/k/mkrqqpde8ebu8dee.jpg?skj2io4l,
Jade Leung,http://img4.bdbphotos.com/images/230x300/2/s/2svggwfqio4ngvwg.jpg?skj2io4l,
Jung-Jae Lee,http://img4.bdbphotos.com/images/230x300/y/p/yptyv8w14tgqqtg.jpg?skj2io4l,46
Joo Min Lee,http://img6.bdbphotos.com/images/orig/d/o/dov83o8crnb3c8n8.jpg?skj2io4l,
Hitomi Kuroki,http://img4.bdbphotos.com/images/230x300/o/d/od06xuwkv8cm8kcv.jpg?skj2io4l,
Komaki Kurihara,http://img4.bdbphotos.com/images/230x300/j/g/jg7cth3kxf9pkhx3.jpg?skj2io4l,
Shô Kosugi,http://img4.bdbphotos.com/images/230x300/z/g/zg59vune555leu5n.jpg?skj2io4l,
Yuri Komuro,http://img4.bdbphotos.com/images/230x300/w/n/wng0v4qffwovqvf4.jpg?skj2io4l,
Hideo Kojima,http://img4.bdbphotos.com/images/230x300/0/8/08fezbx3tyzxzfbe.jpg?skj2io4l,56
Kyôko Koizumi,http://img4.bdbphotos.com/images/230x300/h/v/hv9nxqmipjnomxiq.jpg?skj2io4l,
Jong-Il Kim,http://img4.bdbphotos.com/images/230x300/u/d/udl31z42x545412z.jpg?skj2io4l,
Denise Joaquin,http://img1.bdbphotos.com/images/orig/r/t/rt4kjvfr58ewfv54.jpg?skj2io4l,
Dan Inosanto,http://img4.bdbphotos.com/images/230x300/6/y/6yasa2bop6qff6q.jpg?skj2io4l,83
Li Hua Li,http://img4.bdbphotos.com/images/230x300/h/k/hks9sok5dl439kss.jpg?skj2io4l,2
Setsuko Hara,http://img4.bdbphotos.com/images/230x300/e/n/enhhy2ve13q88.jpg?skj2io4l,4
Helen Funai,http://img4.bdbphotos.com/images/230x300/q/1/q14o8ob73lktk3tl.jpg?skj2io4l,
Joseph Estrada,http://img5.bdbphotos.com/images/orig/8/h/8hmxpuovupl1pu1u.jpg?skj2io4l,82
Dennis Dun,http://img2.bdbphotos.com/images/orig/l/s/ls7dfdh6qy10sldy.jpg?skj2io4l,67
Lin Dai,http://img4.bdbphotos.com/images/230x300/c/b/cb4dcp3g077rpd3c.jpg?skj2io4l,55
Deborah S. Craig,http://img4.bdbphotos.com/images/230x300/6/k/6kwqacj49vk6ja4c.jpg?skj2io4l,
Jin-shil Choi,http://img4.bdbphotos.com/images/230x300/s/q/sqgaxydcizdgyadx.jpg?skj2io4l,11
Pei-Pei Cheng,http://img4.bdbphotos.com/images/230x300/d/e/dez44xvk3dtr4zx4.jpg?skj2io4l,73
Kevin Cheng,http://img4.bdbphotos.com/images/230x300/i/w/iwakyy7um6rbm76u.jpg?skj2io4l,50
Adam Cheng,http://img5.bdbphotos.com/images/orig/w/v/wvqz9ucy2ayxcu2q.jpg?skj2io4l,72
Carlotta Chang,http://img5.bdbphotos.com/images/orig/y/e/ye9779mdazscads7.jpg?skj2io4l,
Moses Chan,http://img4.bdbphotos.com/images/230x300/s/7/s7fm9m84utzou8t4.jpg?skj2io4l,48
Danny Chan Bak-Keung,http://img4.bdbphotos.com/images/230x300/r/l/rlkybqgpdio8ylbk.jpg?skj2io4l,26
June Angela,http://img4.bdbphotos.com/images/230x300/x/e/xeim02jcvb66bc6v.jpg?skj2io4l,60
Yûki Amami,http://img4.bdbphotos.com/images/230x300/t/x/txp1xkmws1lnn.jpg?skj2io4l,52
Li Ming,http://img4.bdbphotos.com/images/230x300/e/v/evttzxj9chcq.jpg?skj2io4l,
Joon Park,http://img4.bdbphotos.com/images/230x300/c/h/ch4ggrh7s8rvrv.jpg?skj2io4l,
Nan Zhang,http://img4.bdbphotos.com/images/230x300/n/4/n4pnypuhk2uiku2h.jpg?skj2io4l,
Ronald Lee Clark,http://img5.bdbphotos.com/images/orig/k/8/k8m7yp3vzjhffhv.jpg?skj2io4l,
Benedict Wong,http://img1.bdbphotos.com/images/orig/6/1/61htnpzp7qncntz6.jpg?skj2io4l,48
Akira Toriyama,http://img4.bdbphotos.com/images/230x300/8/p/8pijn0vl35s85ls3.jpg?skj2io4l,
Philip Moon,http://img4.bdbphotos.com/images/230x300/h/o/hoty2zmpjml2mplj.jpg?skj2io4l,58
Sei Ashina,http://img1.bdbphotos.com/images/orig/b/l/blhh0qw24m5i2wmh.jpg?skj2io4l,
Doan Ly,http://img2.bdbphotos.com/images/orig/5/3/53hqyw7iwn9ch3y9.jpg?skj2io4l,
Allen Evangelista,http://img4.bdbphotos.com/images/230x300/4/w/4wkshrinh2iwnrhi.jpg?skj2io4l,37
Shawn Yue,http://img4.bdbphotos.com/images/230x300/5/9/596ryucv3p6jr9y6.jpg?skj2io4l,38
Kea Wong,http://img2.bdbphotos.com/images/orig/e/d/ed1961d3oe94d1o1.jpg?skj2io4l,
Beulah Quo,http://img5.bdbphotos.com/images/orig/c/g/cgudoqltoppnodlc.jpg?skj2io4l,
Peter Pan,http://img2.bdbphotos.com/images/orig/a/4/a4wv56m098k74av8.jpg?skj2io4l,
Jeff Imada,http://img2.bdbphotos.com/images/orig/v/7/v7srp1d89c0eprdv.jpg?skj2io4l,64
Kenneth Choi,http://img5.bdbphotos.com/images/orig/k/o/ko1wt84ugye33eu.jpg?skj2io4l,48
Kim Chan,http://img4.bdbphotos.com/images/230x300/6/w/6w7cxdpzuc1rrc1.jpg?skj2io4l,11
Philip Ahn,http://img4.bdbphotos.com/images/230x300/x/1/x10zma2rdte92mra.jpg?skj2io4l,41
Towa Tei,http://img4.bdbphotos.com/images/230x300/f/o/fo15slpr8k144k1.jpg?skj2io4l,54
Kitarô,http://img4.bdbphotos.com/images/230x300/c/t/ctf5zgmgz3chczh3.jpg?skj2io4l,66
Anh Do,http://img6.bdbphotos.com/images/orig/d/i/ditdn9fys3n0yf3d.jpg?skj2io4l,42
Jo Sung Mo,http://img4.bdbphotos.com/images/230x300/a/v/av3greshvj0aaj0.jpg?skj2io4l,42
Fiona Fung,http://img4.bdbphotos.com/images/230x300/o/x/oxfgp1a656bee.jpg?skj2io4l,36
Sôsuke Takaoka,http://img5.bdbphotos.com/images/orig/c/1/c1mhkzxm4huezkm1.jpg?skj2io4l,37
Sherman Chung,http://img5.bdbphotos.com/images/orig/c/g/cgh59z65wxc45hz4.jpg?skj2io4l,35
Sab Shimono,http://img5.bdbphotos.com/images/orig/w/h/wh5awe7k4icdk7ia.jpg?skj2io4l,76
Richard Loo,http://img4.bdbphotos.com/images/230x300/9/w/9wcij06b62hi6jb0.jpg?skj2io4l,36
Mai Ling,http://img4.bdbphotos.com/images/230x300/h/k/hkk4fdw3e67kwf3d.jpg?skj2io4l,
Hiro Kanagawa,http://img4.bdbphotos.com/images/230x300/k/j/kjybwz43235u4w3z.jpg?skj2io4l,56
Mika Kitagawa,http://img4.bdbphotos.com/images/230x300/l/q/lq3i0z0xib75bx7i.jpg?skj2io4l,
Sachiko Yoshimine,http://img4.bdbphotos.com/images/230x300/s/p/spb3i9jbyykdjib9.jpg?skj2io4l,
Christine Kim,http://img5.bdbphotos.com/images/orig/c/l/clw5hyi3hjgdjhdy.jpg?skj2io4l,
Zang Manlo,http://img5.bdbphotos.com/images/orig/c/l/clsjbcwmxvf0cbml.jpg?skj2io4l,
Winston Chao,http://img5.bdbphotos.com/images/orig/w/h/whnpe1cethr5c1tn.jpg?skj2io4l,59
Winai Kraibutr,http://img6.bdbphotos.com/images/orig/o/6/o6usey95npgwpnwy.jpg?skj2io4l,
Victor Sen Yung,http://img4.bdbphotos.com/images/230x300/c/l/clibugrqnht7hqtn.jpg?skj2io4l,39
Susie Park,http://img4.bdbphotos.com/images/230x300/g/q/gq88zcwn7jtcc8wz.jpg?skj2io4l,
Sinitta Boonyasak,http://img4.bdbphotos.com/images/230x300/6/h/6h304f15o0k10h43.jpg?skj2io4l,
Shizuko Hoshi,http://img5.bdbphotos.com/images/orig/c/l/clc4ew7ovfxz7wvc.jpg?skj2io4l,
Shinobu Terajima,http://img2.bdbphotos.com/images/orig/v/g/vg1lxigfr7hxgvl7.jpg?skj2io4l,47
Ryo Kase,http://img4.bdbphotos.com/images/230x300/g/x/gx0rntme9h3ggh3.jpg?skj2io4l,
Minae Noji,http://img6.bdbphotos.com/images/orig/x/a/xaxeoro9qfweorqx.jpg?skj2io4l,46
Michael Paul Chan,http://img5.bdbphotos.com/images/orig/y/i/yigg9qe9wnqdgi9q.jpg?skj2io4l,69
Michael Chow,http://img1.bdbphotos.com/images/orig/b/2/b2m80p90ydp48mp4.jpg?skj2io4l,80
Makiko Esumi,http://img6.bdbphotos.com/images/orig/3/8/38l21etuqlzf832l.jpg?skj2io4l,
Linda Kim,http://img4.bdbphotos.com/images/230x300/h/g/hgv4453l4vpr43vl.jpg?skj2io4l,
Keiko Matsuzaka,http://img5.bdbphotos.com/images/orig/p/c/pcm1axxgaw6omca6.jpg?skj2io4l,
Justin Lo,http://img4.bdbphotos.com/images/230x300/b/v/bv1hznqll4vnn.jpg?skj2io4l,43
Johnny Delgado,http://img5.bdbphotos.com/images/orig/c/j/cjfegnr5wkf9kw9n.jpg?skj2io4l,10
John Koyama,http://img4.bdbphotos.com/images/230x300/1/h/1h74zgt5in4hitn5.jpg?skj2io4l,
Joey Miyashima,http://img5.bdbphotos.com/images/orig/c/f/cfw4u49ykjiv4w4v.jpg?skj2io4l,62
Hiep Thi Le,http://img4.bdbphotos.com/images/230x300/2/i/2ij6scxu8p5u6isj.jpg?skj2io4l,2
Thi Hai Yen Do,http://img4.bdbphotos.com/images/230x300/u/e/ued1swh5ne77.jpg?skj2io4l,37
David Wu,http://img4.bdbphotos.com/images/230x300/1/w/1wtuqk05zuovku0q.jpg?skj2io4l,53
Clyde Kusatsu,http://img5.bdbphotos.com/images/orig/c/f/cfmkxu1fyylvfcky.jpg?skj2io4l,71
Christopher Larkin,http://img6.bdbphotos.com/images/orig/d/2/d2qrbs870k32k02s.jpg?skj2io4l,32
Chae An,http://img5.bdbphotos.com/images/orig/c/0/c00eugq391ttt1q.jpg?skj2io4l,
Yuya Ozeki,http://img5.bdbphotos.com/images/orig/c/f/cff1cvhc306jj6c.jpg?skj2io4l,
Yu Xia,http://img4.bdbphotos.com/images/230x300/c/f/cfequ4xn2kugxun4.jpg?skj2io4l,43
Vickie Eng,http://img1.bdbphotos.com/images/orig/s/y/syeu9j338zucz8cj.jpg?skj2io4l,
Terry Chen,http://img5.bdbphotos.com/images/orig/c/f/cfaq74v1wo1o1voq.jpg?skj2io4l,44
Takashi Shimizu,http://img4.bdbphotos.com/images/230x300/c/f/cfa8blltby2hblyt.jpg?skj2io4l,47
Shiho Fujimura,http://img4.bdbphotos.com/images/230x300/v/2/v2ggdi9hqfrtrt.jpg?skj2io4l,
Ric Young,http://img4.bdbphotos.com/images/230x300/c/f/cf4jv1iqwnbh.jpg?skj2io4l,17
Petchtai Wongkamlao,http://img4.bdbphotos.com/images/230x300/0/5/05c2oujq0ognocu2.jpg?skj2io4l,
Michiyo Nakajima,http://img5.bdbphotos.com/images/orig/8/1/81mxlhk41cj914jl.jpg?skj2io4l,46
Masaya Katô,http://img4.bdbphotos.com/images/230x300/c/e/cewo67a9wrxowar9.jpg?skj2io4l,56
Masanobu Andô,http://img4.bdbphotos.com/images/230x300/c/e/cewmord6geabe6ag.jpg?skj2io4l,44
Ye Liu,http://img4.bdbphotos.com/images/230x300/x/8/x8xh063q3kl50x6h.jpg?skj2io4l,41
Keye Luke,http://img4.bdbphotos.com/images/230x300/c/e/cestg4fwntyeynet.jpg?skj2io4l,28
Keone Young,http://img1.bdbphotos.com/images/orig/2/q/2qwklh8vcghawqlh.jpg?skj2io4l,72
Karen Kim,http://img4.bdbphotos.com/images/230x300/6/v/6v3dvfpj4w0w04ww.jpg?skj2io4l,
Kaori Mochida,http://img4.bdbphotos.com/images/230x300/g/e/gel1w2f64a27624f.jpg?skj2io4l,
Kaori Manabe,http://img4.bdbphotos.com/images/230x300/s/1/s151tyofl84ry1ot.jpg?skj2io4l,
Jodi Long,http://img4.bdbphotos.com/images/230x300/c/e/cepa0b7vk2pn70vb.jpg?skj2io4l,65
James Wong,http://img4.bdbphotos.com/images/230x300/c/e/cenbix4cdt7ecxd4.jpg?skj2io4l,60
James Saito,http://img5.bdbphotos.com/images/orig/w/9/w98e4yzccj5tjcty.jpg?skj2io4l,64
Hayato Ichihara,http://img5.bdbphotos.com/images/orig/c/e/cekvqeuqab7g7bu.jpg?skj2io4l,32
Haing S. Ngor,http://img5.bdbphotos.com/images/orig/c/e/cekftra5mywzczkm.jpg?skj2io4l,23
Chia-Hui Liu,http://img5.bdbphotos.com/images/orig/c/e/cek3uazy9el0ec3e.jpg?skj2io4l,64
Freda Foh Shen,http://img6.bdbphotos.com/images/orig/x/n/xn9e1mcyoqbh1ecx.jpg?skj2io4l,
Eun-ju Lee,http://img4.bdbphotos.com/images/230x300/c/e/cei6hw7rcnjrrwc7.jpg?skj2io4l,14
Elizabeth Sung,http://img4.bdbphotos.com/images/230x300/c/e/cehdla7927frr.jpg?skj2io4l,
Burt Kwouk,http://img5.bdbphotos.com/images/orig/c/e/cealpfyd50m55md.jpg?skj2io4l,3
Aya Kawai,http://img5.bdbphotos.com/images/orig/c/e/ce8k9b7vs7i1v77k.jpg?skj2io4l,
William Hung,http://img1.bdbphotos.com/images/orig/z/p/zpwncizgxqxrnwir.jpg?skj2io4l,36
Takashi Matsuyama,http://img4.bdbphotos.com/images/230x300/5/r/5rpa8w15ayi7.jpg?skj2io4l,59
Gregg Araki,http://img1.bdbphotos.com/images/orig/z/x/zxluv77qm28vxzu2.jpg?skj2io4l,60
Elizabeth Thai,http://img4.bdbphotos.com/images/230x300/c/d/cdr4dg67h4wn47wh.jpg?skj2io4l,6
Anne Suzuki,http://img5.bdbphotos.com/images/orig/c/d/cdnyk7jifjw6fiwk.jpg?skj2io4l,32
Takako Fuji,http://img5.bdbphotos.com/images/orig/c/d/cdlut6u8aoie6t8d.jpg?skj2io4l,47
Kôji Yakusho,http://img4.bdbphotos.com/images/230x300/c/d/cdjn8ghx77ri.jpg?skj2io4l,63
Eugenia Yuan,http://img4.bdbphotos.com/images/230x300/k/l/klg27k9m5g3wk297.jpg?skj2io4l,
Victoria Young,http://img5.bdbphotos.com/images/orig/k/r/kr0q0ewusvytrkqv.jpg?skj2io4l,51
Takuma Sato,http://img4.bdbphotos.com/images/230x300/u/i/ui3c67tu50bzt6u7.jpg?skj2io4l,42
Michelle Goh,http://img6.bdbphotos.com/images/orig/x/j/xjidz7r9tb1u9rbd.jpg?skj2io4l,46
Takeshi Kitano,http://img5.bdbphotos.com/images/orig/c/b/cbw5my3tmqn2mtnm.jpg?skj2io4l,72
Shin'ichi Chiba,http://img5.bdbphotos.com/images/orig/c/b/cbvx71b8copbocb1.jpg?skj2io4l,80
Rosalind Chao,http://img4.bdbphotos.com/images/230x300/c/b/cbv4osfiwa26iswf.jpg?skj2io4l,
Amazin LeThi,http://img5.bdbphotos.com/images/orig/c/b/cbl4vaug3asqv4uc.jpg?skj2io4l,
Ai Sugiyama,http://img5.bdbphotos.com/images/orig/c/b/cbj3tz1rbxx3t31c.jpg?skj2io4l,
Sumi Jo,http://img4.bdbphotos.com/images/230x300/3/d/3d7uic5llfxzudi7.jpg?skj2io4l,57
Ami Suzuki,http://img4.bdbphotos.com/images/230x300/c/b/cbgxdtn23zz4nd2t.jpg?skj2io4l,37
Irene Wan,http://img2.bdbphotos.com/images/orig/5/q/5qoxq89dack55kd.jpg?skj2io4l,53
Ji-yoon Park,http://img4.bdbphotos.com/images/230x300/c/b/cbfb8mofhb99.jpg?skj2io4l,37
Adia Chan,http://img6.bdbphotos.com/images/orig/n/y/nywphs1fh3n66nf.jpg?skj2io4l,
Steve Park,http://img5.bdbphotos.com/images/orig/y/a/yaob5xzo7trhrtz.jpg?skj2io4l,
Masaki Aiba,http://img5.bdbphotos.com/images/orig/c/r/critg61q3iu4ui1.jpg?skj2io4l,
Nami Orihara,http://img4.bdbphotos.com/images/230x300/c/b/cb76f9lzi7un96lf.jpg?skj2io4l,
Mirei Kuroda,http://img4.bdbphotos.com/images/230x300/l/x/lxino1yq12yss2y.jpg?skj2io4l,
Mie Nanamori,http://img5.bdbphotos.com/images/orig/c/b/cb73fvquzklcbc3k.jpg?skj2io4l,
Mai Hagiwara,http://img4.bdbphotos.com/images/230x300/g/5/g5kwvof16naiw5vk.jpg?skj2io4l,
Ling Tan,http://img4.bdbphotos.com/images/230x300/d/v/dvbhq8vnz16m.jpg?skj2io4l,
Lina So,http://img5.bdbphotos.com/images/orig/m/9/m91oi0fna16xo10x.jpg?skj2io4l,
Kei Hoshiko,http://img5.bdbphotos.com/images/orig/c/b/cb6ckjqeukdadkq.jpg?skj2io4l,
Jun Kusanagi,http://img4.bdbphotos.com/images/230x300/q/1/q1uf7cym5vjhvmj5.jpg?skj2io4l,41
Hanai Kayama,http://img5.bdbphotos.com/images/orig/c/b/cb5xwiuxm6l6wxuc.jpg?skj2io4l,
Amy Lee Chen,http://img4.bdbphotos.com/images/230x300/r/a/rauzi0b607tjzaiu.jpg?skj2io4l,
John Woo,http://img4.bdbphotos.com/images/230x300/c/b/cb1vw029kf0jk2f9.jpg?skj2io4l,73
Benny Chan,http://img5.bdbphotos.com/images/orig/w/l/wltb3xd95j4aj5ax.jpg?skj2io4l,
Mieko Harada,http://img1.bdbphotos.com/images/orig/r/8/r8j8zpqvakzereja.jpg?skj2io4l,61
Sally Yoshino,http://img1.bdbphotos.com/images/orig/6/5/65oweafaxf51o5e5.jpg?skj2io4l,41
Cathy Tsui,http://img4.bdbphotos.com/images/230x300/9/f/9fpj1ngazti99ti.jpg?skj2io4l,19
Sylvia Chang,http://img4.bdbphotos.com/images/230x300/0/h/0hhi0vjvqjx30hvi.jpg?skj2io4l,
Shirley Kwan,http://img4.bdbphotos.com/images/230x300/o/y/oy8sy9ohrr56oyh9.jpg?skj2io4l,53
Zoe Tay,http://img1.bdbphotos.com/images/orig/h/o/hob4y87dadpvadpy.jpg?skj2io4l,51
Yuriko Ishida,http://img1.bdbphotos.com/images/orig/b/c/bc5x8ofaxjh2b25x.jpg?skj2io4l,
Yumiko Shaku,http://img6.bdbphotos.com/images/orig/q/u/qu8iugh1ns87n18u.jpg?skj2io4l,
Yuanyuan Gao,http://img4.bdbphotos.com/images/230x300/f/s/fsm6xhnkv0dw0kdv.jpg?skj2io4l,
Kit Ying Lam,http://img4.bdbphotos.com/images/230x300/l/o/lo8pmtnd90dw0dd9.jpg?skj2io4l,1
Sheren Tang,http://img4.bdbphotos.com/images/230x300/o/f/ofwwxp0fpfblp0ff.jpg?skj2io4l,
Riho Makise,http://img4.bdbphotos.com/images/230x300/d/v/dvzo1oo28umr2o8o.jpg?skj2io4l,48
Rene Liu,http://img1.bdbphotos.com/images/orig/b/b/bbgtuv5t3t58tgv8.jpg?skj2io4l,49
Moon Lee,http://img4.bdbphotos.com/images/230x300/k/s/ksjx7yip18jfyxi7.jpg?skj2io4l,54
Monica Chan,http://img5.bdbphotos.com/images/orig/p/o/powdf2hxx46yopd4.jpg?skj2io4l,
Michelle Lee,http://img4.bdbphotos.com/images/230x300/k/u/ku2x3kh6h4q8h36k.jpg?skj2io4l,41
Mia Korf,http://img4.bdbphotos.com/images/230x300/8/4/84e3hkxfn5f4k3xh.jpg?skj2io4l,
Kei Mizutani,http://img4.bdbphotos.com/images/230x300/c/7/c7k8o58wphupup.jpg?skj2io4l,
Joey Yung,http://img4.bdbphotos.com/images/230x300/a/g/agdx6ulz1urb.jpg?skj2io4l,39
Jin-young Jang,http://img4.bdbphotos.com/images/230x300/c/a/cai0lan2ell2lia0.jpg?skj2io4l,10
Hiromi Nagasaku,http://img4.bdbphotos.com/images/230x300/c/a/cahig2kl27non2o7.jpg?skj2io4l,49
Hikari Ishida,http://img5.bdbphotos.com/images/orig/c/a/cahi4e7jh1xgiheg.jpg?skj2io4l,
Gigi Lai,http://img2.bdbphotos.com/images/orig/u/2/u2l5d5e9s0hrurls.jpg?skj2io4l,48
Flora Chan,http://img5.bdbphotos.com/images/orig/4/4/448qpeo8ck3b4b8c.jpg?skj2io4l,
Ellen Chan,http://img4.bdbphotos.com/images/230x300/n/n/nn919dh6g26zz.jpg?skj2io4l,53
Choi Kang Hee,http://img4.bdbphotos.com/images/230x300/7/h/7h1ba2ajnpvz2baa.jpg?skj2io4l,
Cecilia Yip,http://img4.bdbphotos.com/images/230x300/f/3/f3f5qgws3tjgtsj3.jpg?skj2io4l,56
Carol Cheng,http://img2.bdbphotos.com/images/orig/l/l/llvp95dqnzj3d5nv.jpg?skj2io4l,62
Asaka Seto,http://img4.bdbphotos.com/images/230x300/w/t/wt55wxfc8g57cx8f.jpg?skj2io4l,43
Annie Man,http://img5.bdbphotos.com/images/orig/w/o/wo57ba2qklsvb72w.jpg?skj2io4l,
Ai Katô,http://img5.bdbphotos.com/images/orig/c/a/ca8xhljelbsthxjc.jpg?skj2io4l,
Masaharu Fukuyama,http://img4.bdbphotos.com/images/230x300/c/a/ca6ftr9gm61dd.jpg?skj2io4l,50
Dion Basco,http://img4.bdbphotos.com/images/230x300/c/a/ca6606dbs0hs66d0.jpg?skj2io4l,
Shingo Katori,http://img4.bdbphotos.com/images/230x300/h/7/h73dgqtlbjeoqdtg.jpg?skj2io4l,42
Seung-ho Yoo,http://img1.bdbphotos.com/images/orig/z/y/zydciczp9pn0pzpc.jpg?skj2io4l,26
In-Pyo Cha,http://img6.bdbphotos.com/images/orig/x/4/x4a1hsuxffmlxuf1.jpg?skj2io4l,
Harold Sakata,http://img2.bdbphotos.com/images/orig/1/d/1d4yun73y4p8184y.jpg?skj2io4l,
Dicky Cheung,http://img6.bdbphotos.com/images/orig/t/2/t2jfv3zbqu5pz3qj.jpg?skj2io4l,54
Keiko Nakazawa,http://img2.bdbphotos.com/images/orig/e/u/eup68rv16vjp1vv6.jpg?skj2io4l,
Aliyah Likit,http://img4.bdbphotos.com/images/230x300/g/v/gvuapn6n0ohm06on.jpg?skj2io4l,
Takashi Miike,http://img4.bdbphotos.com/images/230x300/c/9/c9g0fu9ad86kfgu0.jpg?skj2io4l,59
Toshia Mori,http://img4.bdbphotos.com/images/230x300/c/9/c9bujauizthm.jpg?skj2io4l,24
Sessue Hayakawa,http://img4.bdbphotos.com/images/230x300/c/8/c8yub9q3ywc33.jpg?skj2io4l,46
Von Flores,http://img5.bdbphotos.com/images/orig/c/8/c8n5d9o3xnv25n92.jpg?skj2io4l,
Yoshihiro Togashi,http://img5.bdbphotos.com/images/orig/c/8/c8gzemwc3dp4cwdz.jpg?skj2io4l,
Winky Wiryawan,http://img4.bdbphotos.com/images/230x300/r/6/r6n73vl7ls137vll.jpg?skj2io4l,
Vivian Wu,http://img2.bdbphotos.com/images/orig/1/l/1lnr1bdwjksgnl1s.jpg?skj2io4l,53
Victoria Chen,http://img4.bdbphotos.com/images/230x300/c/8/c8cqze2zjua3j2uz.jpg?skj2io4l,
Tamiyo Kusakari,http://img4.bdbphotos.com/images/230x300/0/f/0fm0wmhykevvymkh.jpg?skj2io4l,54
Takahiro Okazawa,http://img4.bdbphotos.com/images/230x300/o/w/ower9zjo8r1q1q.jpg?skj2io4l,
Tae-Hyun Cha,http://img6.bdbphotos.com/images/orig/t/y/ty6pkamln497man6.jpg?skj2io4l,43
Shin Kawasaki,http://img4.bdbphotos.com/images/230x300/v/x/vxmie94ejbgggg.jpg?skj2io4l,
Sam,http://img4.bdbphotos.com/images/230x300/o/f/ofjjor09tq75jfoj.jpg?skj2io4l,
Roger Kwok,http://img4.bdbphotos.com/images/230x300/2/y/2ydp0gb07dred0r7.jpg?skj2io4l,
Pinky Marquez,http://img4.bdbphotos.com/images/230x300/c/7/c7moex23gsg5xo2e.jpg?skj2io4l,
Parry Shen,http://img5.bdbphotos.com/images/orig/c/7/c7i63pji1h1pp3i7.jpg?skj2io4l,46
P. Ramlee,http://img4.bdbphotos.com/images/230x300/5/y/5yec7xc6f6gdfc66.jpg?skj2io4l,46
Naoko Takeuchi,http://img4.bdbphotos.com/images/230x300/c/7/c7e19mr3hc4g4g.jpg?skj2io4l,52
Naohito Fujiki,http://img4.bdbphotos.com/images/230x300/g/b/gbqj1l406h0d.jpg?skj2io4l,47
Momoe Yamaguchi,http://img4.bdbphotos.com/images/230x300/b/a/bauvllk0lh7w.jpg?skj2io4l,60
Misa Shimizu,http://img4.bdbphotos.com/images/230x300/8/a/8aqjllo9gf98f99g.jpg?skj2io4l,49
M. Nasir,http://img4.bdbphotos.com/images/230x300/7/9/79tiblr2i2hb2lir.jpg?skj2io4l,
Kyoko Cuomo,http://img4.bdbphotos.com/images/230x300/2/6/263qef2zm74fe3fq.jpg?skj2io4l,
Koji Tamaki,http://img4.bdbphotos.com/images/230x300/o/a/oa9pb4h073khpab9.jpg?skj2io4l,
Kayla Blake,http://img4.bdbphotos.com/images/230x300/y/7/y7rwp4f5cmmpcfm5.jpg?skj2io4l,56
Jing Ning,http://img4.bdbphotos.com/images/230x300/9/9/99usdwkc3f6k3kfc.jpg?skj2io4l,47
Jeong-hun Yeon,http://img4.bdbphotos.com/images/230x300/v/i/vikwelxcck5rlwxe.jpg?skj2io4l,41
Jaime Mei Chun Chik,http://img4.bdbphotos.com/images/230x300/8/3/83f3tlj06nrnn0r6.jpg?skj2io4l,57
Honami Suzuki,http://img4.bdbphotos.com/images/230x300/x/z/xz7jyx4rgfo00.jpg?skj2io4l,53
Hiroko Yakushimaru,http://img2.bdbphotos.com/images/orig/v/f/vf8fkxam26wtw6a.jpg?skj2io4l,
Giam Kwee,http://img5.bdbphotos.com/images/orig/c/6/c615k24b52zh512h.jpg?skj2io4l,19
Eun-suk Choi,http://img2.bdbphotos.com/images/orig/e/n/enofov5826wkeko2.jpg?skj2io4l,
Toshi Ichiyanagi,http://img4.bdbphotos.com/images/230x300/w/s/wsf9r94924ymym.jpg?skj2io4l,86
Ginny Cha,http://img4.bdbphotos.com/images/230x300/3/j/3jn3m8pk78rxpmk8.jpg?skj2io4l,
Dickson Poon,http://img4.bdbphotos.com/images/230x300/a/8/a8ql5q10qfexq1f0.jpg?skj2io4l,
Yumi Yoshimura,http://img4.bdbphotos.com/images/230x300/q/2/q2wuewd5lauda5ul.jpg?skj2io4l,44
Joy Osmanski,http://img4.bdbphotos.com/images/230x300/c/k/ck9xst04h8vnn.jpg?skj2io4l,44
Ichirô Suzuki,http://img1.bdbphotos.com/images/orig/b/8/b8wvpmrc0jc5vwm5.jpg?skj2io4l,
Hideki Matsui,http://img2.bdbphotos.com/images/orig/v/q/vqxqca0ozo56o0oq.jpg?skj2io4l,45
Diane Mizota,http://img4.bdbphotos.com/images/230x300/z/w/zw8mrx7w4owm47ow.jpg?skj2io4l,46
Ooi Wei Ming,http://img2.bdbphotos.com/images/orig/l/y/lyju42bpn72dd2p.jpg?skj2io4l,
Kaho Minami,http://img5.bdbphotos.com/images/orig/c/2/c2bxmuxx6r9mxbum.jpg?skj2io4l,55
Son Na-eun,http://img4.bdbphotos.com/images/230x300/7/0/70k1lnex0l59xn0e.jpg?skj2io4l,25
Michele Selene Ang,http://img4.bdbphotos.com/images/230x300/8/l/8letbt06b80h0bh8.jpg?skj2io4l,
Ke Lingling,http://img6.bdbphotos.com/images/orig/n/n/nnbjbui1grlxbnbl.jpg?skj2io4l,
Joo-Hyuk Nam,http://img4.bdbphotos.com/images/230x300/e/m/emvp1y6tfncuunc.jpg?skj2io4l,25
Moeka Nozaki,http://img4.bdbphotos.com/images/230x300/b/4/b4h8b2y1zmoszym1.jpg?skj2io4l,
Yoo Ji Ahn,http://img6.bdbphotos.com/images/orig/j/3/j36p0gd3ow3t6303.jpg?skj2io4l,
Jimmy Choo,http://img4.bdbphotos.com/images/230x300/h/n/hnd89a7545ruu5r.jpg?skj2io4l,71
VanossGaming,http://img4.bdbphotos.com/images/230x300/z/1/z1d5h5atrsxiisx.jpg?skj2io4l,27
Beergirl,http://img4.bdbphotos.com/images/230x300/3/7/37dpb109twwhhww.jpg?skj2io4l,
Mariel,http://img4.bdbphotos.com/images/230x300/w/p/wpk6inrnhd1515.jpg?skj2io4l,
Joe Jo,http://img4.bdbphotos.com/images/230x300/5/6/56w976q17vn3967w.jpg?skj2io4l,
Roi Wassabi,http://img4.bdbphotos.com/images/230x300/c/a/ca77e0qfex53.jpg?skj2io4l,
Wendy Lang,http://img4.bdbphotos.com/images/230x300/h/j/hjbrqxcoic1zoxic.jpg?skj2io4l,
Viv Lynn,http://img6.bdbphotos.com/images/orig/7/s/7sv4q7k2tl73372.jpg?skj2io4l,
Ayu Gani,http://img4.bdbphotos.com/images/230x300/d/v/dv4kko9a19o6kvk4.jpg?skj2io4l,
Kang Zuoru,http://img4.bdbphotos.com/images/230x300/h/8/h8n72g95c2f22ng7.jpg?skj2io4l,
Lana Condor,http://img4.bdbphotos.com/images/230x300/4/m/4mgtns4jrg955.jpg?skj2io4l,22
Miyuki Watanabe,http://img4.bdbphotos.com/images/230x300/t/g/tgs0p99kb6h3909p.jpg?skj2io4l,
Tara Basro,http://img4.bdbphotos.com/images/230x300/b/e/berakf8odmr0d8mo.jpg?skj2io4l,
Byun Baekhyun,http://img4.bdbphotos.com/images/230x300/f/s/fs612qavwco626q1.jpg?skj2io4l,
Cindy Starfall,http://img1.bdbphotos.com/images/orig/b/f/bfoo2f4sdy7dfboy.jpg?skj2io4l,
Park Bo-gum,http://img4.bdbphotos.com/images/230x300/t/9/t9m7mrve4u2j79mm.jpg?skj2io4l,26
Huang Zitao,http://img4.bdbphotos.com/images/230x300/o/q/oqc0xjhgc0blch0g.jpg?skj2io4l,
Chen (singer),http://img4.bdbphotos.com/images/230x300/7/r/7rrigpaocwe7e7.jpg?skj2io4l,
Xiumin,http://img4.bdbphotos.com/images/230x300/7/u/7u3zn2v06tgen32z.jpg?skj2io4l,
Do Kyungsoo,http://img4.bdbphotos.com/images/230x300/k/8/k85g839m8b37g885.jpg?skj2io4l,26
Jung Kyungho,http://img4.bdbphotos.com/images/230x300/8/n/8nqnmrqmjkz8mqrn.jpg?skj2io4l,36
Widika Sidmore,http://img4.bdbphotos.com/images/230x300/d/3/d361sk2fvuxvxv.jpg?skj2io4l,
Sheena Liam,http://img4.bdbphotos.com/images/230x300/3/s/3s9gcxh8yzxttzx.jpg?skj2io4l,28
Bo Ah Jo,http://img6.bdbphotos.com/images/orig/7/l/7lghfkiei3xaikig.jpg?skj2io4l,28
Jayden Lee,http://img5.bdbphotos.com/images/orig/4/y/4yp50bsb9c6zc9zb.jpg?skj2io4l,
Eun-Ae Choi,http://img1.bdbphotos.com/images/orig/6/t/6t2foaifuip88pf.jpg?skj2io4l,
Nicoline,http://img5.bdbphotos.com/images/orig/y/u/yuzly2o4gleryloy.jpg?skj2io4l,
Yang Jin-sung,http://img4.bdbphotos.com/images/230x300/n/6/n6uuwwu61bcewuuw.jpg?skj2io4l,31
Naul,http://img4.bdbphotos.com/images/230x300/0/4/04wvgje105j0eg1j.jpg?skj2io4l,
Sung-Yueng Ki,http://img2.bdbphotos.com/images/orig/1/h/1h71yknhb168bh6y.jpg?skj2io4l,30
Park Sojin,http://img4.bdbphotos.com/images/230x300/t/i/ti3le9hqptf7lie3.jpg?skj2io4l,
Kim Jae-kyung,http://img4.bdbphotos.com/images/230x300/h/e/hewdje4q21gd1qg2.jpg?skj2io4l,31
Kim Yura,http://img4.bdbphotos.com/images/230x300/o/8/o8uj04fmmmbgm4mf.jpg?skj2io4l,27
Honey Cocaine,http://img4.bdbphotos.com/images/230x300/5/d/5djlh9m90s5bldhj.jpg?skj2io4l,27
Hyung-Shik Park,http://img4.bdbphotos.com/images/230x300/1/a/1acsyey47fjjjfj.jpg?skj2io4l,
Yang Jiwon,http://img4.bdbphotos.com/images/230x300/l/7/l79uc289yr7f7yfr.jpg?skj2io4l,
Dami Im,http://img4.bdbphotos.com/images/230x300/c/s/csvqbm7eui6hqsbv.jpg?skj2io4l,31
Lay (singer),http://img4.bdbphotos.com/images/230x300/j/3/j3yufib9719ru3fy.jpg?skj2io4l,
Jeannie Chan,http://img4.bdbphotos.com/images/230x300/1/9/190na86721zt.jpg?skj2io4l,30
Sung Hee Kim,http://img4.bdbphotos.com/images/230x300/d/z/dzqm16j6spczj166.jpg?skj2io4l,
Kwak Ji Young,http://img4.bdbphotos.com/images/230x300/t/v/tv4rdhfh1he5d4hr.jpg?skj2io4l,
Sang-Soon Lee,http://img4.bdbphotos.com/images/230x300/n/4/n4pti6w7czinicnz.jpg?skj2io4l,
Julie Zhan,http://img4.bdbphotos.com/images/230x300/n/3/n3i9hlc2oizgzg.jpg?skj2io4l,
Kim Yoo-ri,http://img1.bdbphotos.com/images/orig/6/3/63xmy7at9n6x9t6y.jpg?skj2io4l,35
SuHo,http://img4.bdbphotos.com/images/230x300/i/m/imj0xes1mwsrr.jpg?skj2io4l,28
Miku Natsume,http://img4.bdbphotos.com/images/230x300/x/n/xneiqvzz26cjj6c.jpg?skj2io4l,
Gino Gonzalez,http://img1.bdbphotos.com/images/orig/r/h/rhyj6wnqrlujyh6u.jpg?skj2io4l,
Ludi Lin,http://img4.bdbphotos.com/images/230x300/t/u/tu2lv7546o1s7l5v.jpg?skj2io4l,
Nari Jung,http://img4.bdbphotos.com/images/230x300/f/z/fzkag2tyed41y2et.jpg?skj2io4l,
Ye-Sol Jin,http://img4.bdbphotos.com/images/230x300/3/h/3hilcrciyuubrlcc.jpg?skj2io4l,
Maggie Wu,http://img4.bdbphotos.com/images/230x300/y/4/y4z52kf1sbp42zk5.jpg?skj2io4l,
Ha Yeon-soo,http://img4.bdbphotos.com/images/230x300/h/0/h09wnxe6j7h227h.jpg?skj2io4l,29
Yukimi Matsuo,http://img4.bdbphotos.com/images/230x300/5/u/5uhu639ehv4huu6h.jpg?skj2io4l,32
Soyou,http://img4.bdbphotos.com/images/230x300/7/c/7cxawnl1lb8q1nll.jpg?skj2io4l,27
Kim Dasom,http://img4.bdbphotos.com/images/230x300/3/j/3jorrhrkf2q02kqf.jpg?skj2io4l,26
Tae-Soo Jeon,http://img4.bdbphotos.com/images/230x300/u/n/unwlnt5i1azrraz.jpg?skj2io4l,1
Harvey Bautista,http://img4.bdbphotos.com/images/230x300/5/6/567gs9bb07b89gbs.jpg?skj2io4l,
Kim Seul-gie,http://img2.bdbphotos.com/images/orig/g/a/gal9cst9vcsysc9a.jpg?skj2io4l,28
Sarah Choi Lee,http://img5.bdbphotos.com/images/orig/y/t/yto6zwqg02q5gq26.jpg?skj2io4l,48
Heavenly Koh,http://img6.bdbphotos.com/images/orig/3/k/3kyzxnr5uhp7phr.jpg?skj2io4l,
Kanako Momota,http://img6.bdbphotos.com/images/orig/j/2/j21bs9e27j8z9s22.jpg?skj2io4l,25
Maya Koizumi,http://img4.bdbphotos.com/images/230x300/d/9/d9tyti83u2qq.jpg?skj2io4l,
Miho Tachibana,http://img4.bdbphotos.com/images/230x300/k/3/k31x7eqwl1hohlo1.jpg?skj2io4l,
Kim Ji-won,http://img4.bdbphotos.com/images/230x300/9/w/9wlct4dn4s5fdtn4.jpg?skj2io4l,27
Lee Hi,http://img4.bdbphotos.com/images/230x300/n/m/nm3yc3kfnxrqrnqx.jpg?skj2io4l,23
Jillian Aguila,http://img1.bdbphotos.com/images/orig/s/d/sdku7h5c8n6116c.jpg?skj2io4l,
Pamelyn Chee,http://img2.bdbphotos.com/images/orig/l/1/l1i8ml8chc2f1l8c.jpg?skj2io4l,
Pax Jolie-Pitt,http://img2.bdbphotos.com/images/orig/5/9/5971j26abjrn951j.jpg?skj2io4l,
Beom-sik Seo,http://img2.bdbphotos.com/images/orig/5/c/5cf5j09qp6la90pf.jpg?skj2io4l,
Kim Jong-Moon,http://img2.bdbphotos.com/images/orig/e/h/ehvhaprida3grpdv.jpg?skj2io4l,
Jacky Lai,http://img4.bdbphotos.com/images/230x300/t/q/tqqqlt0sxpg5psgx.jpg?skj2io4l,
Hyomin,http://img4.bdbphotos.com/images/230x300/4/x/4xblucv3c63fubcl.jpg?skj2io4l,30
Namthip Jongrachatawiboon,http://img4.bdbphotos.com/images/230x300/3/e/3eodpnn5glftpond.jpg?skj2io4l,37
Tsubomi (person),http://img4.bdbphotos.com/images/230x300/j/z/jzb73ljq9e257z3b.jpg?skj2io4l,
Raina (singer),http://img4.bdbphotos.com/images/230x300/1/p/1pap20e3gzw8pp2a.jpg?skj2io4l,30
Makoto Yuki,http://img4.bdbphotos.com/images/230x300/8/m/8m0wcyi59lq19il5.jpg?skj2io4l,29
Hyelim,http://img4.bdbphotos.com/images/230x300/6/3/635bjgdum6lcc6l.jpg?skj2io4l,27
Excel Mangare,http://img2.bdbphotos.com/images/orig/u/6/u6e2oh2ijpsbi2p2.jpg?skj2io4l,
Do Kyung Kim,http://img6.bdbphotos.com/images/orig/d/t/dtxc8brn8np8nrnc.jpg?skj2io4l,
Bonnie Chen,http://img4.bdbphotos.com/images/230x300/4/5/45aztf3j2jgig2ij.jpg?skj2io4l,
Aiko (singer),http://img4.bdbphotos.com/images/230x300/0/z/0z5yudpt62qjj2q.jpg?skj2io4l,44
Lina Zhang,http://img4.bdbphotos.com/images/230x300/t/6/t6da1tve13wev1et.jpg?skj2io4l,
Mizz Nina,http://img4.bdbphotos.com/images/230x300/y/k/yks6v07vo43y7vv0.jpg?skj2io4l,39
Titi Sjuman,http://img4.bdbphotos.com/images/230x300/t/o/toviknyi02p4ykin.jpg?skj2io4l,38
Monty Oum,http://img4.bdbphotos.com/images/230x300/x/p/xp51f98wm26hf591.jpg?skj2io4l,4
Jung Yuri (singer),http://img4.bdbphotos.com/images/230x300/0/j/0jlzgbdqd9wx9qwd.jpg?skj2io4l,35
Grace Wong,http://img4.bdbphotos.com/images/230x300/h/i/hi6z8ehzs3zlzi86.jpg?skj2io4l,33
Natsuki Fujiwara,http://img4.bdbphotos.com/images/230x300/j/s/jskmfwgt1cwvwmgf.jpg?skj2io4l,
Son Ga-In,http://img4.bdbphotos.com/images/230x300/1/v/1vinlbuhabwjaubh.jpg?skj2io4l,
Ryosuke Miura,http://img4.bdbphotos.com/images/230x300/w/t/wtuch11tsl061c1h.jpg?skj2io4l,32
Kim Kyu Jong,http://img4.bdbphotos.com/images/230x300/h/b/hbpvxp52x53mm53.jpg?skj2io4l,32
Kim Junsu,http://img4.bdbphotos.com/images/230x300/j/f/jfq2qp6oh52a2a.jpg?skj2io4l,31
Kokomi Sakura,http://img4.bdbphotos.com/images/230x300/0/i/0idd0upe293audp0.jpg?skj2io4l,
Yubin,http://img4.bdbphotos.com/images/230x300/m/d/mdowfjtdgih8hg8i.jpg?skj2io4l,31
Jang Hyun-seung,http://img4.bdbphotos.com/images/230x300/y/r/yrgpb2bbtfaltbfb.jpg?skj2io4l,30
Sunye,http://img4.bdbphotos.com/images/230x300/7/a/7ataur6nt6bzz.jpg?skj2io4l,30
Henry Lau,http://img4.bdbphotos.com/images/230x300/v/u/vub0fvrifv1aa.jpg?skj2io4l,30
Bang Yong Guk,http://img4.bdbphotos.com/images/230x300/h/t/htve1mbfio3c.jpg?skj2io4l,29
Shelly Fujii,http://img4.bdbphotos.com/images/230x300/u/3/u34x1ercdr43x314.jpg?skj2io4l,
Jeon Ji-yoon,http://img4.bdbphotos.com/images/230x300/e/e/eejvlhkbbf3vvelj.jpg?skj2io4l,29
Takaki Yuya,http://img4.bdbphotos.com/images/230x300/2/b/2b1lw1gd00lpp0l.jpg?skj2io4l,29
Yang Yo-seob,http://img4.bdbphotos.com/images/230x300/8/9/89r58l97mnuk987l.jpg?skj2io4l,29
Heo Ga-yoon,http://img4.bdbphotos.com/images/230x300/u/9/u909wvdg3j7n7n.jpg?skj2io4l,29
Kang Min Hyuk,http://img4.bdbphotos.com/images/230x300/a/i/aikerbytlfbgg.jpg?skj2io4l,28
Yui Koike,http://img1.bdbphotos.com/images/orig/0/o/0oc12qoks9emco2e.jpg?skj2io4l,
Shiho (actress),http://img4.bdbphotos.com/images/230x300/j/h/jhrpsge7hobggpes.jpg?skj2io4l,27
Lee Sun-mi,http://img4.bdbphotos.com/images/230x300/p/2/p2xf4pntcbo88.jpg?skj2io4l,27
Ryu Hwayoung,http://img4.bdbphotos.com/images/230x300/3/i/3i9z5vf638ih86i3.jpg?skj2io4l,26
Kwon So-hyun,http://img4.bdbphotos.com/images/230x300/5/t/5ttal986763r37r6.jpg?skj2io4l,
Yeo Jin Goo,http://img4.bdbphotos.com/images/230x300/s/m/smgdc3a425g4dmcg.jpg?skj2io4l,22
Satoko Miyahara,http://img4.bdbphotos.com/images/230x300/m/e/meuo564a54vi6o45.jpg?skj2io4l,21
Candy Hsu,http://img4.bdbphotos.com/images/230x300/5/2/52120jyl9tkl01j2.jpg?skj2io4l,
Tam-hee Park,http://img6.bdbphotos.com/images/orig/3/5/359d0a4qrk7u0d43.jpg?skj2io4l,
Sumire (model),http://img4.bdbphotos.com/images/230x300/v/7/v77rwpglc2scscc2.jpg?skj2io4l,10
Miyu Uehara,http://img4.bdbphotos.com/images/230x300/i/g/igvoxh237gx83h72.jpg?skj2io4l,8
Yu-ri Kim,http://img4.bdbphotos.com/images/230x300/8/z/8ztsjns2tvqjqtjv.jpg?skj2io4l,8
Chan-sung Hwang,http://img4.bdbphotos.com/images/230x300/8/y/8yt0yoeh2t50yto0.jpg?skj2io4l,29
John Vincent Servilla,http://img2.bdbphotos.com/images/orig/e/n/en2hy3855ihtyh8e.jpg?skj2io4l,
Alora Mae Sasam,http://img4.bdbphotos.com/images/230x300/d/r/drtv3wx9omwpp.jpg?skj2io4l,
Kiki Kang,http://img4.bdbphotos.com/images/230x300/h/k/hk6yf9wdegq99.jpg?skj2io4l,
Malvika Subba,http://img4.bdbphotos.com/images/230x300/y/e/ye85zobvresubzvo.jpg?skj2io4l,
Subash Thapa,http://img4.bdbphotos.com/images/230x300/s/g/sgdjjtzqr2e9zjqt.jpg?skj2io4l,
Zenisha Moktan,http://img4.bdbphotos.com/images/230x300/m/m/mm2ggmmi10iyim1m.jpg?skj2io4l,
Sakurai Yumi,http://img6.bdbphotos.com/images/orig/x/i/xi7tfjkhrl9t9lk.jpg?skj2io4l,
Kobi Vidanes,http://img2.bdbphotos.com/images/orig/l/q/lqcj73c1piaxaic.jpg?skj2io4l,
Shôhei Miura,http://img4.bdbphotos.com/images/230x300/e/p/epruvyiqs7atupvr.jpg?skj2io4l,
Clarence Delgado,http://img1.bdbphotos.com/images/orig/0/a/0abtug89xd5ta0td.jpg?skj2io4l,15
Tracy Vergel,http://img5.bdbphotos.com/images/orig/y/i/yiytp8ih2g4wywy2.jpg?skj2io4l,
Helen Jody Lin,http://img6.bdbphotos.com/images/orig/q/k/qkf80c0hxf0yqyfx.jpg?skj2io4l,
Bun,http://img5.bdbphotos.com/images/orig/w/f/wf6gck0br30rfwg3.jpg?skj2io4l,
Asia,http://img6.bdbphotos.com/images/orig/d/d/dd5t6wg2pjf1p2f6.jpg?skj2io4l,
Ji-hye Park,http://img4.bdbphotos.com/images/230x300/h/t/htns4jqekzlaq4ej.jpg?skj2io4l,
Tae-Joon Ryu,http://img1.bdbphotos.com/images/orig/h/p/hpijlrn3plccljnh.jpg?skj2io4l,48
Robby Mananquil,http://img2.bdbphotos.com/images/orig/5/t/5tsk3335tdnbt5kd.jpg?skj2io4l,16
Gye-in Lee,http://img5.bdbphotos.com/images/orig/8/n/8npmyuzg3exsn8me.jpg?skj2io4l,67
Seung-su Kim,http://img4.bdbphotos.com/images/230x300/2/u/2u69nrxfzpgpgp.jpg?skj2io4l,46
Kyu-han Lee,http://img4.bdbphotos.com/images/230x300/1/4/14fffpd9512q5d19.jpg?skj2io4l,39
Ming Toy,http://img6.bdbphotos.com/images/orig/n/b/nbmvcdbzay4dndma.jpg?skj2io4l,
Vivien Yeo,http://img4.bdbphotos.com/images/230x300/l/n/lnnibfj250si02s5.jpg?skj2io4l,
So-hyun Kim,http://img4.bdbphotos.com/images/230x300/z/9/z94gbtk1bax6bka1.jpg?skj2io4l,20
Yûki Kimisawa,http://img4.bdbphotos.com/images/230x300/g/n/gnlf4pjdrv48rjvd.jpg?skj2io4l,
Tao Tsuchiya,http://img4.bdbphotos.com/images/230x300/8/m/8mbj1hlofqf88.jpg?skj2io4l,
Jung-hoon Ahn,http://img5.bdbphotos.com/images/orig/8/m/8myfd73g4s9gdf38.jpg?skj2io4l,
Eun-Jeong Sin,http://img4.bdbphotos.com/images/230x300/r/a/ra9maw6t4eud46et.jpg?skj2io4l,45
Yi-hyeon So,http://img4.bdbphotos.com/images/230x300/0/a/0at4kpbiax2y2ayx.jpg?skj2io4l,35
Dong-geun Yun,http://img4.bdbphotos.com/images/230x300/3/c/3czp1t4s3k871ztp.jpg?skj2io4l,63
Tina Ti,http://img5.bdbphotos.com/images/orig/f/l/flniub80gs1qg01u.jpg?skj2io4l,9
Jun Min Seo,http://img4.bdbphotos.com/images/230x300/9/u/9udhf5j9n3pohufd.jpg?skj2io4l,16
Jason Sabio,http://img4.bdbphotos.com/images/230x300/y/m/ymt6elg0qbqt6met.jpg?skj2io4l,33
Kang Seung-yoon,http://img4.bdbphotos.com/images/230x300/t/b/tbemvoxgx0l5xx0g.jpg?skj2io4l,25
Kayo Satoh,http://img4.bdbphotos.com/images/230x300/y/r/yrblyhq1lknplqk1.jpg?skj2io4l,
RozenSky/Jirayu Laongmanee,http://img1.bdbphotos.com/images/orig/z/a/zayyxnqan3oeyaxo.jpg?skj2io4l,
Wen Shaoxian,http://img5.bdbphotos.com/images/orig/p/2/p206i7sqod0o02i0.jpg?skj2io4l,
Choi Jong Hun,http://img4.bdbphotos.com/images/230x300/i/h/ihp6g0uiyrzbugi0.jpg?skj2io4l,
Park Gyuri,http://img4.bdbphotos.com/images/230x300/3/g/3ghr3trytp1kpy1t.jpg?skj2io4l,31
Kim Hyung Jun,http://img4.bdbphotos.com/images/230x300/q/6/q6v2u9zewavkvk.jpg?skj2io4l,32
Kim Sul-song,http://img4.bdbphotos.com/images/230x300/h/g/hgqio66rrllpigoq.jpg?skj2io4l,45
Louis Cheung,http://img4.bdbphotos.com/images/230x300/j/9/j9uegd3inzjijniz.jpg?skj2io4l,
Tiger JK,http://img1.bdbphotos.com/images/orig/i/a/iaxluh88hc5uh85u.jpg?skj2io4l,45
Boom (entertainer),http://img6.bdbphotos.com/images/orig/d/5/d5m0z1ym25rk0m1k.jpg?skj2io4l,37
Luna (singer),http://img4.bdbphotos.com/images/230x300/3/i/3ij0f9h3q31v1qv3.jpg?skj2io4l,26
Jang Seo-hee,http://img4.bdbphotos.com/images/230x300/z/l/zl6574by7kn99kn.jpg?skj2io4l,47
Seishiro Kato,http://img1.bdbphotos.com/images/orig/0/x/0x7tg7m38ud283dg.jpg?skj2io4l,
Riri Kōda,http://img4.bdbphotos.com/images/230x300/k/1/k1lc2ahc0fy9y9.jpg?skj2io4l,
Bhusan Dahal,http://img4.bdbphotos.com/images/230x300/w/2/w2q5gfgjxoktggjf.jpg?skj2io4l,53
