RinkoKikuchi,"https://m.media-amazon.com/images/M/MV5BMTI5NjE0MjcwN15BMl5BanBnXkFtZTYwMDcxNTA1._V1_UX140_CR0,0,140,209_AL_.jpg",1981-1-6,38
JaymeeOng,"https://m.media-amazon.com/images/M/MV5BNDM5MjY2MTg5M15BMl5BanBnXkFtZTcwMjk3ODMxOA@@._V1_UX140_CR0,0,140,209_AL_.jpg",1979-9-21,40
Ming-NaWen,"https://m.media-amazon.com/images/M/MV5BMTIyNjUwNTk3OV5BMl5BanBnXkFtZTcwOTE4NTMzMQ@@._V1_UY209_CR13,0,140,209_AL_.jpg",1963-11-20,56
YunjinKim,"https://m.media-amazon.com/images/M/MV5BMjI0NTQ4MzgxMl5BMl5BanBnXkFtZTcwMzI1MzU2Nw@@._V1_UY209_CR42,0,140,209_AL_.jpg",1973-11-7,46
LiGong,"https://m.media-amazon.com/images/M/MV5BMTk4MzMwMjc5NF5BMl5BanBnXkFtZTYwMDMyNzQz._V1_UY209_CR0,0,140,209_AL_.jpg",1965-12-31,54
WeiZhao,"https://m.media-amazon.com/images/M/MV5BMTU4MTc4OTI0M15BMl5BanBnXkFtZTcwMTQ1MjgzMQ@@._V1_UY209_CR8,0,140,209_AL_.jpg",1976-3-12,43
ArdenCho,"https://m.media-amazon.com/images/M/MV5BMzFmYTI1MTYtMmFjMC00MGNmLTgyYTQtMTM5N2YxNzJmZGM0XkEyXkFqcGdeQXVyMTgwNTkwNzg@._V1_UX140_CR0,0,140,209_AL_.jpg",1985-8-16,34
Ji-hyunJun,"https://m.media-amazon.com/images/M/MV5BMTgwNjA1ODUwNF5BMl5BanBnXkFtZTcwODI3ODM2Mg@@._V1_UY209_CR87,0,140,209_AL_.jpg",1981-10-30,38
ChiakiKuriyama,"https://m.media-amazon.com/images/M/MV5BMTQ4MzgwMTg5NF5BMl5BanBnXkFtZTgwMDc4MTU0MDE@._V1_UX140_CR0,0,140,209_AL_.jpg",1984-10-10,35
QiShu,"https://m.media-amazon.com/images/M/MV5BMTQ0NjAwNDIyNV5BMl5BanBnXkFtZTYwMzg1MTI1._V1_UY209_CR11,0,140,209_AL_.jpg",1976-4-16,43
GemmaChan,"https://m.media-amazon.com/images/M/MV5BY2ZkODljZGUtNWY1MS00MDM2LTg0YWEtNjc3ZTMwMDY1MzI2XkEyXkFqcGdeQXVyMTE3ODY2Nzk@._V1_UY209_CR1,0,140,209_AL_.jpg",1982-11-29,37
HanaMaeLee,"https://m.media-amazon.com/images/M/MV5BNjEwNzgwODI0OF5BMl5BanBnXkFtZTgwMjAzNjY1ODE@._V1_UX140_CR0,0,140,209_AL_.jpg",1988-9-28,31
NatthaweeranuchThongmee,,1979-10-28,40
MisakiIt√¥,"https://m.media-amazon.com/images/M/MV5BMTc4MDQ2NTgzNl5BMl5BanBnXkFtZTcwMTY0MzM3MQ@@._V1_UY209_CR2,0,140,209_AL_.jpg",1977-5-26,42
LaurenShiohama,"https://m.media-amazon.com/images/M/MV5BOTY2NDg2NDIzOV5BMl5BanBnXkFtZTcwOTk5NjUzMQ@@._V1_UY209_CR87,0,140,209_AL_.jpg",1982-3-27,37
QingXu,"https://m.media-amazon.com/images/M/MV5BY2IyZTI4MDYtZDM1Zi00YWRiLThkYjUtZTYxZGY0M2Y4NDAxXkEyXkFqcGdeQXVyMjMwMzc1Njg@._V1_UY209_CR14,0,140,209_AL_.jpg",1969-1-22,50
KoShibasaki,"https://m.media-amazon.com/images/M/MV5BODY2MzQwMTE2N15BMl5BanBnXkFtZTcwNzMzNzEzOA@@._V1_UY209_CR7,0,140,209_AL_.jpg",1981-8-5,38
YifeiLiu,"https://m.media-amazon.com/images/M/MV5BMjQ4MjEyNTE4M15BMl5BanBnXkFtZTgwMzcyNDE0NDM@._V1_UY209_CR11,0,140,209_AL_.jpg",1987-8-25,32
KellyHu,"https://m.media-amazon.com/images/M/MV5BMTQ4ODQ5NDMzOV5BMl5BanBnXkFtZTcwMjEzODA3MQ@@._V1_UX140_CR0,0,140,209_AL_.jpg",1968-2-13,51
AyaUeto,"https://m.media-amazon.com/images/M/MV5BNzQxNTI3NTUzMl5BMl5BanBnXkFtZTcwNjAzODYxOA@@._V1_UY209_CR87,0,140,209_AL_.jpg",1985-9-14,34
SammiCheng,"https://m.media-amazon.com/images/M/MV5BMjEzMjAzMjE4NF5BMl5BanBnXkFtZTYwMzYzNjk0._V1_UY209_CR1,0,140,209_AL_.jpg",1972-8-19,47
RahayuSaraswati,"https://m.media-amazon.com/images/M/MV5BMjEyOTU1MTIwMV5BMl5BanBnXkFtZTYwMTA0NDMy._V1_UY209_CR13,0,140,209_AL_.jpg"
JamieChung,"https://m.media-amazon.com/images/M/MV5BMTc5OTQ4MTkzMl5BMl5BanBnXkFtZTgwMzA3NzY0ODE@._V1_UY209_CR39,0,140,209_AL_.jpg",1983-4-10,36
JuliaLing,"https://m.media-amazon.com/images/M/MV5BNTc0MzlmNzktMTJjNi00OTZhLWIxNDEtMDQxMWJjNzcxODYxXkEyXkFqcGdeQXVyNDY1MzgxNw@@._V1_UY209_CR34,0,140,209_AL_.jpg",1983-2-14,36
KrystalVee,"https://m.media-amazon.com/images/M/MV5BZmUyODIwZTYtMzhhMi00MGQ1LWFmMzctODQ1NGYzOGNkNDkzXkEyXkFqcGdeQXVyMjk2NTM1OTQ@._V1_UX140_CR0,0,140,209_AL_.jpg",1987-11-28,32
ElodieYung,"https://m.media-amazon.com/images/M/MV5BNjMzOTg4MDM3NF5BMl5BanBnXkFtZTgwMTUzMjM4NDM@._V1_UY209_CR4,0,140,209_AL_.jpg",1981-2-22,38
ShayMitchell,"https://m.media-amazon.com/images/M/MV5BMzExOGM1ZTUtNWQ2Mi00ZDYzLWJkODUtYzM4ZTY1NDNjYjY0XkEyXkFqcGdeQXVyMjIyMjY1NjE@._V1_UY209_CR47,0,140,209_AL_.jpg",1987-4-10,32
SaraMalakulLane,"https://m.media-amazon.com/images/M/MV5BMjg1YTY2N2ItM2Q3MC00YmYzLWE4MTAtMzc2ZmY0YThlMmFiXkEyXkFqcGdeQXVyNTA5ODI1MDU@._V1_UX140_CR0,0,140,209_AL_.jpg",1983-2-1,36
WulanGuritno,,1980-4-14,39
LuluAntariksa,"https://m.media-amazon.com/images/M/MV5BNzhmOTYzNjctMDA1YS00NDVmLWFkOWEtMjI2M2Q0MjZiY2RjXkEyXkFqcGdeQXVyMjQwMDg0Ng@@._V1_UX140_CR0,0,140,209_AL_.jpg",1995-8-22,24
DevonDiep,"https://m.media-amazon.com/images/M/MV5BYTJjZjViNjUtOGVlMy00NGZmLWIzNmEtNGQ3YjNkMGI4YTUyXkEyXkFqcGdeQXVyMjIyMDMxNDM@._V1_UX140_CR0,0,140,209_AL_.jpg"
MelissaPaulo,"https://m.media-amazon.com/images/M/MV5BODk5YWQ3ZGMtYmNiZi00NmNkLWEwZDEtY2E5MGFlYzg3M2MxXkEyXkFqcGdeQXVyNjQ0MDYzMQ@@._V1_UY209_CR8,0,140,209_AL_.jpg",1985-11-25,34
MingZhao,"https://m.media-amazon.com/images/M/MV5BMjE4NzcwOTc1MV5BMl5BanBnXkFtZTcwMTA5Mjk2OQ@@._V1_UY209_CR14,0,140,209_AL_.jpg"
ChantalThuy,"https://m.media-amazon.com/images/M/MV5BZTc4NjQ0NjQtMjAwMS00NzZlLWI1NDYtNzhlMmY1ZGM0YzNiXkEyXkFqcGdeQXVyMjQwMDg0Ng@@._V1_UY209_CR42,0,140,209_AL_.jpg"
ShuyaChang,"https://m.media-amazon.com/images/M/MV5BMjI4NDE2ODkwMl5BMl5BanBnXkFtZTgwNjc2OTQ1NTE@._V1_UY209_CR8,0,140,209_AL_.jpg"
EllenWong,"https://m.media-amazon.com/images/M/MV5BNjQxMGMwNzAtODhlNy00NGQ3LTkxMTctZDZhNTBiNjZkYTk5XkEyXkFqcGdeQXVyOTkwODcwOTQ@._V1_UY209_CR11,0,140,209_AL_.jpg",1985-0-0,34
RachelHuxtable,"https://m.media-amazon.com/images/M/MV5BNTRkZjYxNWYtZjZkMy00ODFlLThmYmEtYjE4ZGNjNjFiNzJhXkEyXkFqcGdeQXVyMTc5NjA5NTM@._V1_UY209_CR8,0,140,209_AL_.jpg",1985-6-17,34
EmiIkehata,"https://m.media-amazon.com/images/M/MV5BMjA2NjgyODkyOF5BMl5BanBnXkFtZTcwODc1NzQ1Mg@@._V1_UY209_CR86,0,140,209_AL_.jpg",1978-3-28,41
SeiAshina,"https://m.media-amazon.com/images/M/MV5BMTg0MDUwNzgxN15BMl5BanBnXkFtZTYwNzgxNDA3._V1_UX140_CR0,0,140,209_AL_.jpg",1983-11-22,36
MiyaviMatsunoi,"https://m.media-amazon.com/images/M/MV5BMTQwMTYwODY0N15BMl5BanBnXkFtZTcwODI0NTUyOA@@._V1_UX140_CR0,0,140,209_AL_.jpg",1988-1-1,31
EllenHo,,1988-7-10,31
LiuWen,"https://m.media-amazon.com/images/M/MV5BMTM0NTMwNjgyNl5BMl5BanBnXkFtZTcwOTc4NDM4Nw@@._V1_UX140_CR0,0,140,209_AL_.jpg",1988-1-27,31
ReenaTolentino,,1986-12-16,33
AdelyneLiu,
MayuGamou,
KelseyWang,"https://m.media-amazon.com/images/M/MV5BNGYyZTE0ZGQtMjkxZS00MWQ2LWI3MTUtMGJmZmU0ZTAyNDEzXkEyXkFqcGdeQXVyMjQzODMzNjE@._V1_UY209_CR4,0,140,209_AL_.jpg"
Sayo,
TaoOkamoto,"https://m.media-amazon.com/images/M/MV5BMTg2NjQ1MzU4Nl5BMl5BanBnXkFtZTcwMTk5NTM5OQ@@._V1_UX140_CR0,0,140,209_AL_.jpg",1985-5-22,34
Hye-KyoSong,"https://m.media-amazon.com/images/M/MV5BY2ZlMDRmNWMtMDI4OS00ZDIzLWEyZDAtOGQ1YzI3MWFjNGMzL2ltYWdlL2ltYWdlXkEyXkFqcGdeQXVyMjIyNzU0OA@@._V1_UX140_CR0,0,140,209_AL_.jpg",1981-11-22,38
SaraMalakulLane,"https://m.media-amazon.com/images/M/MV5BMjg1YTY2N2ItM2Q3MC00YmYzLWE4MTAtMzc2ZmY0YThlMmFiXkEyXkFqcGdeQXVyNTA5ODI1MDU@._V1_UX140_CR0,0,140,209_AL_.jpg",1983-2-1,36
NatalieMendoza,"https://m.media-amazon.com/images/M/MV5BODk2Mzg1NTU2M15BMl5BanBnXkFtZTgwNDk3MDUzMzE@._V1_UY209_CR1,0,140,209_AL_.jpg",1978-8-12,41
MichelleAng,"https://m.media-amazon.com/images/M/MV5BMTc5NDIzOTQ0Nl5BMl5BanBnXkFtZTcwMTMzNDE4NQ@@._V1_UX140_CR0,0,140,209_AL_.jpg",1983-10-17,36
StephSong,"https://m.media-amazon.com/images/M/MV5BMTY3NzA0NDQ3Nl5BMl5BanBnXkFtZTcwMjYxNzk4Mw@@._V1_UX140_CR0,0,140,209_AL_.jpg",1984-4-19,35
SoniaCouling,"https://m.media-amazon.com/images/M/MV5BMTQ1MTY5MDU3NF5BMl5BanBnXkFtZTcwMjE2ODMwMw@@._V1_UX140_CR0,0,140,209_AL_.jpg",1974-6-18,45
KrystalVee,"https://m.media-amazon.com/images/M/MV5BZmUyODIwZTYtMzhhMi00MGQ1LWFmMzctODQ1NGYzOGNkNDkzXkEyXkFqcGdeQXVyMjk2NTM1OTQ@._V1_UX140_CR0,0,140,209_AL_.jpg",1987-11-28,32
AseWang,"https://m.media-amazon.com/images/M/MV5BMzQ5NjU4MzE4N15BMl5BanBnXkFtZTgwMTcxMDI0MjE@._V1_UX140_CR0,0,140,209_AL_.jpg",1981-11-26,38
AmandaWestlake,"https://m.media-amazon.com/images/M/MV5BZWJiZTMxYjAtYjViMS00NGZmLWJmMmEtOTcyMmFiMWE4MzVkXkEyXkFqcGdeQXVyMjQwMDg0Ng@@._V1_UY209_CR6,0,140,209_AL_.jpg",1990-4-20,29
JessikaVan,"https://m.media-amazon.com/images/M/MV5BNjMzODg5ZDktYjVkMi00ZjMzLTgxMDItYTlmZTBlMTkyNTFhXkEyXkFqcGdeQXVyMTc2OTQ2MDM@._V1_UY209_CR6,0,140,209_AL_.jpg",1985-5-28,34
ViennaHehir,"https://m.media-amazon.com/images/M/MV5BY2NhYWEwNGQtOTAyMC00NmM5LTk4M2MtODZjNDhhMWNhOTI0XkEyXkFqcGdeQXVyOTMyMzg4Mg@@._V1_UX140_CR0,0,140,209_AL_.jpg"
LanaCondor,"https://m.media-amazon.com/images/M/MV5BMjIwMjU2MTk5MV5BMl5BanBnXkFtZTgwMDg1MTM5NjE@._V1_UY209_CR0,0,140,209_AL_.jpg",1997-5-11,22
FionaXie,"https://m.media-amazon.com/images/M/MV5BNTVkOGZmYjgtMDFkYi00OGI5LTlkNjktNWM1OGU0NmNiODFkXkEyXkFqcGdeQXVyODk4NTI4NjQ@._V1_UY209_CR2,0,140,209_AL_.jpg",1982-1-24,37
SonoyaMizuno,"https://m.media-amazon.com/images/M/MV5BNDEzYmM5NGEtM2JjYi00MjMxLWExMWItYmEzOTIzMDY3NzUzXkEyXkFqcGdeQXVyNDg1MjM0ODk@._V1_UX140_CR0,0,140,209_AL_.jpg",1986-7-1,33
