강경준,http://www.kfaa.kr/data/file/actor/2041483895_phjkrU3e_4dbf199d55eb738ed5988914c3e6e308dc7ac170.jpg,1983-02-11,36
강명진,http://www.kfaa.kr/data/file/actor/2041483895_AsNnXZbv_9e8f5dcdd2e00dc066fee63114057b7843fbb2d6.jpg,1959-12-17,60
강문기,http://www.kfaa.kr/data/file/actor/2041483895_7GyMmOkS_a6d894d5ee21c8a0948895a8295458fd742d85f6.jpg,1962-07-14,57
강석현,http://www.kfaa.kr/data/file/actor/2041483895_3t7Y6rJn_d26df5b97fa2f22a7890d89f54279862f80dfc99.jpg,1967-02-07,52
강성환,http://www.kfaa.kr/data/file/actor/2041483895_ru8B4lHm_ef01124bc368eb91be17befa4963157a7c3b54c8.jpg,1958-03-14,61
강신규,http://www.kfaa.kr/data/file/actor/2041483895_1xmG4EOv_5b6129f8f06a2d330f1c7be60e5659f1303107eb.jpg,1964-08-22,55
강연호,http://www.kfaa.kr/data/file/actor/2041483895_apkKu2oB_3ebf6d51374c584c7c8e60c99d153361449ed853.jpg,1959-10-10,60
강용규,http://www.kfaa.kr/data/file/actor/2041483895_jEecf2yo_20b4495eff5eb2696554f98051d98cfaf86aa89f.jpg,1958-08-17,61
강유일,http://www.kfaa.kr/data/file/actor/2041483895_znWCrHZS_602ef3146be398ddda929d93f1b39b21412a1b13.jpg,1954-02-02,65
강중구,http://www.kfaa.kr/data/file/actor/2041483895_lWeXnhVg_92edd7fdf44266dfd7b89e8117a7ac6261a216ae.jpg,1966-09-29,53
강철,http://www.kfaa.kr/data/file/actor/2041483895_MeUo1pEv_047ca37a0291f21325139db7f58ea2d03c6da304.jpg,1954-07-09,65
거룡,http://www.kfaa.kr/data/file/actor/2041483895_U2Lp89Bo_3d0be5601ad33dc92ab200a390f282b50d3a5a0e.jpg,1958-08-12,61
고대한,http://www.kfaa.kr/data/file/actor/2041483895_NjenPgRf_9d5bbd4f04417a843f99226b9e7619be91219b34.jpg,1975-09-16,44
고혜성,http://www.kfaa.kr/data/file/actor/2041483895_Ai94WI7p_638db995cba3d82809a4c56e7dcb4a6eb1152c39.jpg,1975-04-11,44
공형진,http://www.kfaa.kr/data/file/actor/2041483895_5xAPlzDm_4d7da199be9dacfc16b8b5f46c7678070911a59b.jpg,1970-04-10,49
곽만용,http://www.kfaa.kr/data/file/actor/2041483895_Q1G8AP5z_d84b8354e101a77017f2aa7b9358316ed3001835.jpg,1952-12-27,67
곽무성,http://www.kfaa.kr/data/file/actor/2041483895_TlxtHORz_cd96955100d7831da3772b96a4ca1f8f3b52ec89.jpg,1958-11-24,61
곽진,http://www.kfaa.kr/data/file/actor/2041483895_jH3V1vwp_2e84ae4b695a01f1632eb54b32583149b25e74f9.jpg,1979-03-16,40
곽희범,http://www.kfaa.kr/data/file/actor/2041483895_W5io2jqv_a75fd6f861897ed1f94c487cd90fe820ce533715.jpg,1948-07-12,71
국호,http://www.kfaa.kr/data/file/actor/2041483895_OHGP359I_ebaf64765ac897ef07ae074ce11cacccd85af8fe.jpg,1961-12-19,58
권관오,http://www.kfaa.kr/data/file/actor/2041483895_N59kjS1b_8d9b6accc53b07f8f93e32ad76f19ef6eda2a58b.jpg,1958-01-23,61
권금산,http://www.kfaa.kr/data/file/actor/2041483895_cL1WubSl_fc7c57a4a85d92568ad52a5b6aa58d9a920a949b.jpg,1958-04-13,61
권병길,http://www.kfaa.kr/data/file/actor/2041483895_2zd0Qvgo_68413d34cc3995149fb160aec4a71b3ef9f1be76.jpg,1946-11-05,73
권성영,http://www.kfaa.kr/data/file/actor/2041483895_UAtJCGqr_2a9eb9cd5dc14c987b9918d9398a3ad870fffb60.jpg,1954-05-25,65
권순동,http://www.kfaa.kr/data/file/actor/2041483895_xDGZL5VB_167d1bde0d6c110177a49797db424932b1b5c17b.jpg,1968-05-30,51
권순명,http://www.kfaa.kr/data/file/actor/2041483895_uHiJt30o_09497a6544e986ef35c9a44abb4c0727a06d73a1.jpg,1956-12-20,63
권혁진,http://www.kfaa.kr/data/file/actor/2041483895_jBWvY5oQ_7a7a2a79d5551e3da6aacc4cc9e0fceadb2a5ca5.jpg,1958-11-04,61
금용,http://www.kfaa.kr/data/file/actor/2041483895_3LNdOJFg_0da5dad3dd70d31c31025f1597b2cf90045abe1d.jpg,1948-11-22,71
길다로,http://www.kfaa.kr/data/file/actor/2041483895_AOlWF64X_55f095953bb2f43fb164ea4c47dc1161dff94a1d.jpg,1943-12-02,76
길손,http://www.kfaa.kr/data/file/actor/2041483895_bRMmNB2l_f4f1a8ca04cb807d4efb2c8cde9d4b78df386e40.jpg,1961-04-17,58
김강헌,http://www.kfaa.kr/data/file/actor/2041483895_LS2pKJfg_cd04e3e36756803f163453ea86223c5af2a38175.jpg,1977-02-15,42
김건호,http://www.kfaa.kr/data/file/actor/2041483895_I31jsnhe_05c6b0ba309d8b4eb32526de9b3fb07ec03601fc.jpg,1951-11-06,68
김경수,http://www.kfaa.kr/data/file/actor/2041483895_yzrN534H_6bab7401fdad9b0fcd6d66fb38b897aef08b3c61.jpg,1949-02-05,70
김국현,http://www.kfaa.kr/data/file/actor/2041483895_IrBTMnzu_f2f3814b8e1e07e23021ddcb7cd205ba52f32dcf.jpg,1950-11-09,69
김기종,http://www.kfaa.kr/data/file/actor/2041483895_hibIjpHN_64209668374023862bf590773e91e8412ca7da4d.jpg,1961-03-27,58
김길호,http://www.kfaa.kr/data/file/actor/2040571069_OxBtXmbz_1e9834db042d384a1ed84d15397986e8a8879271.jpg,1961-09-19,58
김남일,http://www.kfaa.kr/data/file/actor/2041483895_aihHcJG0_457d99681eac9263fa297216d2b0d95a03f1063d.jpg,1941-10-18,78
김대원,http://www.kfaa.kr/data/file/actor/2041483895_5sFOHJX0_9acc57b8113ce1ea1e6e47899b9d2720da033256.jpg,1963-03-07,56
김백수,http://www.kfaa.kr/data/file/actor/2041483895_C2m1wYEl_6b9c3b5d9eeabe928d0e0d8c4721944e4343a599.jpg,1951-03-15,68
김병수,http://www.kfaa.kr/data/file/actor/2041483895_GlMsu1bR_5e7621815060f4c47f4ffdbced8757f2298d92d3.jpg,1979-05-30,40
김보성,http://www.kfaa.kr/data/file/actor/2041483895_VIEOpLXz_d3ed443ab5779e2133167169aebc9fee4b7a821d.jpg,1966-06-27,53
김상준,http://www.kfaa.kr/data/file/actor/2041483895_VNsfMnEC_33522db7708ad8d73f05e40d89aa2fe4b8409cf9.jpg,1957-09-09,62
김석훈,http://www.kfaa.kr/data/file/actor/2041483895_kp0AJtRn_6ae99bdfb8d076f7e4b69bcddaad548436b51953.jpg,1929-06-08,90
김성돈,http://www.kfaa.kr/data/file/actor/2040571058_dhjCpFcs_43c094ab6208822393ac0c75aed19e9fa26943ab.jpg,1965-09-22,54
김세준,http://www.kfaa.kr/data/file/actor/2041483895_BkV7s9vU_db465043817c1cc746b17e9b5a9eb7bc6fa48b58.jpg,1963-02-12,56
김수로,http://www.kfaa.kr/data/file/actor/2041483895_D5kJzN0K_45485e487e1adc4dc7a26993ef79fae852750bf2.jpg,1970-05-07,49
김승욱,http://www.kfaa.kr/data/file/actor/2041483895_iBvtyTWS_2eb1405154b4109100617e7be49f8ba3e3c7d741.jpg,1979-03-20,40
김승윤,http://www.kfaa.kr/data/file/actor/2041483895_MTKaGB12_c7f1ad981227ea6691de4269943239b7b0b42af3.jpg,1990-01-29,29
김아담,http://www.kfaa.kr/data/file/actor/2041483895_RU0LbdCI_9ab17bbee0f2a504915cb6a44fc2d79362377c37.jpg,1970-03-16,49
김영규,http://www.kfaa.kr/data/file/actor/2041483895_uBYM7AFJ_b5edfb7ad61c988c3308aca6be3deaa217da1fd5.jpg,1962-11-19,57
김영대,http://www.kfaa.kr/data/file/actor/2041483895_u0QUNWjw_266491f2b553f7b640091ef4cd1d4a3a265d2795.jpg,1961-11-09,58
김영인,http://www.kfaa.kr/data/file/actor/2041483895_mlMz5ow7_5eebde4f6cbd4b4e75cca8ce9cd0638032399b6a.jpg,1943-04-09,76
김영철,http://www.kfaa.kr/data/file/actor/2041483895_KhwFDfaN_a84eceb56b30d1be41e904ea0f0ed568b77998d5.jpg,1953-02-25,66
김영철,http://www.kfaa.kr/data/file/actor/2041483895_G6hEkHXx_894a83b10ae1f170f538513d54ff3e351b468134.jpg,1966-08-10,53
김영회,http://www.kfaa.kr/data/file/actor/2041483895_6Kd0ijxW_3c34cbecf89293757bd7609d395cc6efac9c188c.jpg,1952-02-07,67
김용덕,http://www.kfaa.kr/data/file/actor/2041483895_G9alZSCk_093aee25214df164940c49495f2aaeaa61e77fa7.jpg,1935-04-02,84
김우빈,http://www.kfaa.kr/data/file/actor/2041483895_ciEksovF_ad220b8f411ab0049ad4afa0c8e2105e0a9753f3.jpg,1951-01-26,68
김인수,http://www.kfaa.kr/data/file/actor/2041483895_46egNScj_4000998a19fe697750deb11d97e405347e0ba907.jpg,1988-04-27,31
김인원,http://www.kfaa.kr/data/file/actor/2041483895_Qamy4pHU_03661ada1c657ce6adaeffa64c609f479602b709.jpg,1977-10-02,42
김일구,http://www.kfaa.kr/data/file/actor/2041483895_mHN4T0JV_2772a3d12ba8e3262973176977a125908c5a0cfe.jpg,1940-08-05,79
김일영,http://www.kfaa.kr/data/file/actor/2041483895_njGl7c8T_1a91606b87e58c328c02c9c07d59301fbb7e20d0.jpg,1957-12-01,62
김일욱,http://www.kfaa.kr/data/file/actor/2041483895_siC2ZLkY_b27932543d4a624e9558561b5f2c940e1f0a6778.jpg,1935-09-22,84
김일중,http://www.kfaa.kr/data/file/actor/2041483895_kI0dfSmr_0fb23e8dbbb2b5cdf7882ad8db1941508c321107.jpg,1954-05-26,65
김재주,http://www.kfaa.kr/data/file/actor/2041483895_aTJm2Hf6_11b671703c752ff16c6b4058cff4579cf9acea80.jpg,1983-04-20,36
김정균,http://www.kfaa.kr/data/file/actor/2041483895_hfUtW0Bb_0db1accc079e963c74dd286feac91e623752c1e7.jpg,1965-10-13,54
김정원,http://www.kfaa.kr/data/file/actor/2041483895_YGPTHtB6_479ef230455e4c1cdd35e3deaa532639ffe42394.jpg,1980-11-08,39
김정일,http://www.kfaa.kr/data/file/actor/2041483895_PIZGS2Ti_c22a0b83a30fbd126128511e85cf4e4606184770.jpg,1953-09-06,66
김종욱,http://www.kfaa.kr/data/file/actor/2041483895_Yhop1E2b_d2b92ea5d0fafaeebe13c72e1ab71e5305263002.jpg,1953-12-28,66
김종호,http://www.kfaa.kr/data/file/actor/2041483895_oqbsU4hu_ba409b7fee83dca3aa96c31f49aa82c70830b32e.jpg,1954-05-30,65
김주식,http://www.kfaa.kr/data/file/actor/2041483895_6U1KMznY_2ab3218faa65dc58cd2cfd3765aa8991c424dfc9.jpg,1967-02-01,52
김준석,http://www.kfaa.kr/data/file/actor/2041483895_ltk46fyG_accc63d2f3d0675ff75e82e0a116393eddde46e3.jpg,1983-07-14,36
김지우,http://www.kfaa.kr/data/file/actor/2041483895_cnheEtIl_6eb40aa3576f55a4442f1d2b8573a41d5481477f.jpg,1955-04-28,64
김진우,http://www.kfaa.kr/data/file/actor/2041483895_tYS5dOBI_7c1cf7a4a99151ba124633bf25e713da34e0c771.jpg,1985-02-24,34
김창봉,http://www.kfaa.kr/data/file/actor/2041483895_m89IN1oX_cebe6afeb394ffbc68d103c49c149a77b0aa752b.jpg,1948-07-24,71
김창조,http://www.kfaa.kr/data/file/actor/2041483895_OwfDgkzu_1761dd478fd6cf7252a93b43292cb4aaf54b4f85.jpg,1977-01-17,42
김창현,http://www.kfaa.kr/data/file/actor/2041483895_XzSk8A52_719a93ecf9309eb13476a14c6ecfdac36dadf509.jpg,1959-06-25,60
김태건,http://www.kfaa.kr/data/file/actor/2041483895_F48DkMBp_13b9eb9b650d1cc9a7561f3db65951f8a568928c.jpg,1985-11-21,34
김태관,http://www.kfaa.kr/data/file/actor/2041483895_E5joPcrq_81a499b1a8f069faf6ab48cfcea47a7243f7b51f.jpg,1987-10-27,32
김태윤,http://www.kfaa.kr/data/file/actor/2041483895_n2GN3doT_4233cc94e19574e221c7f87cabd1531c980168a2.jpg,1991-10-03,28
김필수,http://www.kfaa.kr/data/file/actor/2041483895_FHW1jOpU_abdb39ab0a72aa1c45fc1ce37b300030c5c96e13.jpg,1971-12-13,48
김하림,http://www.kfaa.kr/data/file/actor/2041483895_dBG5rOD9_42a2f295f28bedf7594def2aa7eacc27a0187da8.jpg,1940-01-10,79
김학구,http://www.kfaa.kr/data/file/actor/2041483895_fuGJrjQD_e165dea6cc52f9a954e7372e6d58e0916f9847a3.jpg,1955-12-20,64
김한기,http://www.kfaa.kr/data/file/actor/2041483895_97gkJ8SG_476f62fd29961d3e701a2404652aede38316b19c.jpg,1946-12-18,73
김해곤,http://www.kfaa.kr/data/file/actor/2041483895_SjXyZcHk_90a9c68ffc7a38bfe8d3f03c6d63633b69d9b9f6.jpg,1964-05-27,55
김형일,http://www.kfaa.kr/data/file/actor/2041483895_sHcTJRA3_37ccdb6b26288a46ced7e7e983d7cfe2dab59326.jpg,1960-12-28,59
김효명,http://www.kfaa.kr/data/file/actor/2041483895_ExLNGCq1_e8b464a7b6139470ca90edcae17ff6740d78e0bf.jpg,1988-03-18,31
김희라,http://www.kfaa.kr/data/file/actor/2041483895_S67VpqAd_c745647528e43984642a32bfc3eeb404a15d5b6e.jpg,1947-03-23,72
김희열,http://www.kfaa.kr/data/file/actor/2041483895_w1Zmi9xt_8cf957ff481941a5bd4173b5e8ea04355bc9b140.jpg,1959-11-28,60
나갑성,http://www.kfaa.kr/data/file/actor/2041483895_G38C9rKj_43733b6d7fa1cb32a05933ed9fd2507c7e2b02c7.jpg,1944-02-03,75
남궁원,http://www.kfaa.kr/data/file/actor/2041483895_1HsZFtjl_31de01681592530ed87b702ba3330969b8c9bf6d.jpg,1934-08-02,85
남대영,http://www.kfaa.kr/data/file/actor/2041483895_Nf1ExjDl_120047883cb44a197cdcc24863dc29ad14c675f2.jpg,1939-10-23,80
남을균,http://www.kfaa.kr/data/file/actor/2041483895_zfJhLysw_d3e3cdc8f7ea6389d0facd163960e6038a753c28.jpg,1945-08-10,74
남포동,http://www.kfaa.kr/data/file/actor/2041483895_ymOWDUEo_649020a60536c1f94a8972588d24d5d776be072b.jpg,1944-11-07,75
노진아,http://www.kfaa.kr/data/file/actor/2041483895_FnU3chls_dd6a7b0e5b4eb92d82209bcdd279cf7508283756.jpg,1947-04-04,72
독고영재,http://www.kfaa.kr/data/file/actor/2041483895_2FTe3YhG_f34a8209e83fcd43b1c0d7892b5b90bd5abf918c.jpg,1953-12-14,66
마감성,http://www.kfaa.kr/data/file/actor/2041483895_82RjlnkX_a961cc20cc402da13acbbc5846d094ebd77aff35.jpg,1978-01-02,41
마빈,http://www.kfaa.kr/data/file/actor/2041483895_pPDOQ5RG_cc07bdd0813d746f601f51fe21a4a831e9e27e4d.jpg,1950-08-30,69
마흥식,http://www.kfaa.kr/data/file/actor/2041483895_KtDfw0Cc_dc083cc5922a2df59cccf7e9d4a66559112e09b9.jpg,1948-02-11,71
문선용,http://www.kfaa.kr/data/file/actor/2041483895_Lkf2YbUO_e8b75beb5f52dbdeda697a51830d75c91900a880.jpg,1984-01-21,35
문직선,http://www.kfaa.kr/data/file/actor/2041483895_Sq2Af6HR_3684f5495e777477c6d0bfc00545fce5472061c0.jpg,1987-11-11,32
문채성,http://www.kfaa.kr/data/file/actor/2041483895_OgnrA8hu_32ffa428ccd87f0cc30486d5c8004023d1dbb368.jpg,1985-10-11,34
문철재,http://www.kfaa.kr/data/file/actor/2041483895_RADKvckN_c032ced4656640491e25df2e289e86e45e06827c.jpg,1956-04-17,63
민승규,http://www.kfaa.kr/data/file/actor/2041483895_z48O3Vb5_2900a67a9ce36b940d947702639f443a87b73a72.jpg,1964-10-19,55
박경득,http://www.kfaa.kr/data/file/actor/2041483895_ewRGz4cb_3c0456b8e697f17bdb448d63b9b59a4c65fdb0b6.jpg,1937-12-26,82
박경호,http://www.kfaa.kr/data/file/actor/2041483895_z0OuyA2T_7c50488cb3f271bbe0a9f07aea27445243e72a96.jpg,1989-08-27,30
박경흠,http://www.kfaa.kr/data/file/actor/2041483895_wHN5AiD1_6c4cf0dbbf61be556b8b5fed7172ae43e8ff8fdf.jpg,1959-04-05,60
박규성,http://www.kfaa.kr/data/file/actor/2041483895_1kZyNeq9_d5e497a9323e3a2d5c5a3a3005a286ea6378c0b9.jpg,1937-01-12,82
박근범,http://www.kfaa.kr/data/file/actor/2041483895_cNraPUFS_bdefd0d54a4d10af8ef7e17c108c77866d15093f.jpg,1974-03-06,45
박근형,http://www.kfaa.kr/data/file/actor/2041483895_MqpQrhbJ_d709a38d744229fa7120b8f1a949162262022201.jpg,1940-06-08,79
박기운,http://www.kfaa.kr/data/file/actor/2041483895_nOv4tki0_e8355c2d6e3e0608fd54021ec30f9de7f03c682b.jpg,1983-03-14,36
박기택,http://www.kfaa.kr/data/file/actor/2041483895_RPMGrwJz_26630cd1c84ecdc46f6b9c8ed4018da134ceb858.jpg,1937-10-18,82
박길현,http://www.kfaa.kr/data/file/actor/2041483895_ow7Hu6p0_4776e537fc6f41767ba59386d41c2f6430d1186d.jpg,1952-04-11,67
박대성,http://www.kfaa.kr/data/file/actor/2041483895_ha3X8YuJ_41262a0a07e7168a423460ff2e83ec9845d7d946.jpg,1954-10-20,65
박동룡,http://www.kfaa.kr/data/file/actor/2041483895_qT8t4DNv_bbea46f39e25cabbf3fd4c4d91cc0bb84740c782.jpg,1940-08-20,79
박문규,http://www.kfaa.kr/data/file/actor/2041483895_JjOreIva_b950b44b4757868a852689a2cec6bec050e4d88a.jpg,1951-06-28,68
박상국,http://www.kfaa.kr/data/file/actor/2041483895_zb5GLynh_2ccda06d3909be2ec13911c92a0293054da8a0fb.jpg,1964-08-13,55
박상민,http://www.kfaa.kr/data/file/actor/2041483895_Mk472Wbj_2981a1bea47a17626925fd2d058d64233d71dc5a.jpg,1970-10-20,49
박성균,http://www.kfaa.kr/data/file/actor/2041483895_qnoEB0U8_d2de9b6c81e2c386311a179eaa4ae909337a2eca.jpg,1972-09-16,47
박세범,http://www.kfaa.kr/data/file/actor/2041483895_n0wIU3Nc_f60b5dc3b76549a138705d2022b86cc3bf8a1bb5.jpg,1960-11-24,59
박세준,http://www.kfaa.kr/data/file/actor/2041483895_xabDjFug_d4ff32a084028a98f66bd3df4cd0f993d3275bce.jpg,1940-03-12,79
박수복,http://www.kfaa.kr/data/file/actor/2041483895_veHRZCBP_e10ed293b8b61f9f89a9c3d79c3e74f5fe0bd88d.jpg,1966-03-05,53
박영록,http://www.kfaa.kr/data/file/actor/2041483895_kaGeM0N4_5e2b5b505414e0bbc795652e30fd1fe4c71b3f76.jpg,1961-01-18,58
박영화,http://www.kfaa.kr/data/file/actor/2041483895_XVwl6Uz7_516ac8349db86180cacf3c5e43a1651482ece07b.jpg,1981-07-22,38
박용팔,http://www.kfaa.kr/data/file/actor/2041483895_jfrOGzoi_54aab73aaf1271a9c7adbe4d402c30473716d933.jpg,1935-12-11,84
박용호,http://www.kfaa.kr/data/file/actor/2041483895_QrKWaEZB_c54eff82a68d0026854b49d6d08d5946dd672909.jpg,1948-05-20,71
박윤배,http://www.kfaa.kr/data/file/actor/2041483895_pFx7nUGA_0baa39f8eb63305462bb67f977c95704e705ad3c.jpg,1947-09-20,72
박윤식,http://www.kfaa.kr/data/file/actor/2041483895_k6NFKeG2_dfd32c382f979018469907e89b0e243ab5335c11.jpg,1981-10-10,38
박종설,http://www.kfaa.kr/data/file/actor/2041483895_YMW0XArt_4675b977bf917a36daba95b7f8b4ef1e2ac17c8b.jpg,1942-07-15,77
박준규,http://www.kfaa.kr/data/file/actor/2041483895_9PWCKIEp_1a478d9dd88e25cc85e97b360b8f1176098cb327.jpg,1964-06-28,55
박준우,http://www.kfaa.kr/data/file/actor/2041483895_odOQK7b6_d00a943a305d6190771d2dc47d20ef4ac77ce138.jpg,1978-07-25,41
박준철,http://www.kfaa.kr/data/file/actor/2041483895_sGPKyu1j_80ac95bf80f2b33745c79c894782897e9b488e83.jpg,1962-05-22,57
박중훈,http://www.kfaa.kr/data/file/actor/2041483895_j2bBre3D_3218d9fe4b3e663c669bb2a4c37965478576f313.jpg,1966-03-23,53
박철민,http://www.kfaa.kr/data/file/actor/2041483895_0DfS2gUV_9bf5e76d39484b1c3ea10259166d9380072607d1.jpg,1946-05-30,73
박태현,http://www.kfaa.kr/data/file/actor/2041483895_NRChSA4a_366f5ac0d3db2df7da426540a6cb771727e323a6.jpg,1976-01-30,43
박통일,http://www.kfaa.kr/data/file/actor/2041483895_sg1pf60h_c6829cff9879bd60bb1067a1ff78a9c5b9d9a9b7.jpg,1950-12-05,69
박필진,http://www.kfaa.kr/data/file/actor/2041483895_uy4nQXsm_7740a636c9d70f788134f772ab22c2a618660ce2.jpg,1980-02-28,39
박해일,http://www.kfaa.kr/data/file/actor/2041483895_H57kCG4o_1000a1ce250f1772899a7ee72d72da2b61e046f0.jpg,1977-01-27,42
박형준,http://www.kfaa.kr/data/file/actor/2041483895_219Ei7SL_0e8535748f481480801faa69388bc4e09d7cb7e8.jpg,1970-09-01,49
박효근,http://www.kfaa.kr/data/file/actor/2041483895_kQMFJHr2_45dd574ea66d57a163ff39f90ad320064339ecf2.jpg,1949-04-29,70
박휴성,http://www.kfaa.kr/data/file/actor/2041483895_f5aCUHJ2_154c7d0444e4bfd73b5d4ef1dc7a4d5e47e3bc40.jpg,1985-04-10,34
방승빈,http://www.kfaa.kr/data/file/actor/2041483895_kmtilON1_54eed3236bf5bed3e8b2acef7230a00884e3cc03.jpg,1986-10-19,33
배칠수,http://www.kfaa.kr/data/file/actor/2041483895_dqHGf7j3_e17069cbf7677212811b21fcb084c4944ed0fb35.jpg,1973-08-02,46
백민,http://www.kfaa.kr/data/file/actor/2041483895_IT5Ngd8h_4c07d94e4a24476c3f9663085b06efb09cf22843.jpg,1966-06-13,53
백봉기,http://www.kfaa.kr/data/file/actor/2041483895_Q4vwu8j6_51b19a7fd138b55f759ee1e7d6861a845b838652.jpg,1980-12-17,39
백용석,http://www.kfaa.kr/data/file/actor/2041483895_0RgWqkAb_75337908fdc9aa28abea6d42849fccc3290f9090.jpg,1988-01-04,31
백일섭,http://www.kfaa.kr/data/file/actor/2041483895_Ov5eQ0X1_6618b702f3c8796f0045be86ecdacf2bdb66171d.jpg,1944-06-17,75
봉두개,http://www.kfaa.kr/data/file/actor/2041483895_4DCwGHtk_afed43bc9f13e7eaf381b4c76b595d75a3f8e550.jpg,1956-11-13,63
사원배,http://www.kfaa.kr/data/file/actor/2041483895_fwF1zJGj_53b75cb26cab6aa185cd9fb146490d07ec6524f7.jpg,1935-09-24,84
서동원,http://www.kfaa.kr/data/file/actor/2041483895_WABTs5S2_dc27b55219a4cca21a4e7d3e1d91e1c571dbe42b.jpg,1979-04-05,40
서문경,http://www.kfaa.kr/data/file/actor/2041483895_OrWTfl3J_9d150835840e04ae9cb6b919c294a1cc7dfa4e19.jpg,1968-11-23,51
서복현,http://www.kfaa.kr/data/file/actor/2041483895_sj9tLnzv_78752177662c52248d7406f673e10462d342b826.jpg,1971-06-08,48
서영석,http://www.kfaa.kr/data/file/actor/2041483895_qTjz0cQm_4ebabdc7e42aad328c2b73d751aeb56aa62eaa85.jpg,1948-06-09,71
석현철,http://www.kfaa.kr/data/file/actor/2041483895_KadwTW7k_83cd5303ec103a146f5192365315b0068cb42af9.jpg,1973-10-05,46
설경구,http://www.kfaa.kr/data/file/actor/2041483895_JSULkYx5_3b1a027d622712af46743d622504fb10f5aa58ac.jpg,1968-05-02,51
성빈,http://www.kfaa.kr/data/file/actor/2041483895_9HWBFu3V_561c7cc7d73dc96485c4b025144f6887cd5b944a.jpg,1991-09-23,28
성시춘,http://www.kfaa.kr/data/file/actor/2041483895_RQtNuTE3_ae4b0508cd8a81d59acee1632e9708c3fc5f14f8.jpg,1969-09-15,50
성주경,http://www.kfaa.kr/data/file/actor/2041483895_AWTyupLC_1083475a08ec9f5ed7907f032d547e74273e6490.jpg,1944-02-04,75
손성일,http://www.kfaa.kr/data/file/actor/2041483895_sGEmg6qa_a967f3306f4cd4e138ffadff9a2a03deb4ba4d34.jpg,1943-03-21,76
송강호,http://www.kfaa.kr/data/file/actor/2041483895_5wP8yuat_1610cf50961779004d332e31f2a67a560cefb217.jpg,1967-01-18,52
송금식,http://www.kfaa.kr/data/file/actor/2041483895_2TB8WUoR_78184d48a1cb3b0251508dbdd2657d927f898c12.jpg,1960-01-24,59
송대근,http://www.kfaa.kr/data/file/actor/2041483895_4pd7CroR_ce3e8ea60d09db4aa9fd1cab7da950a3e8fe9437.jpg,1998-10-03,21
송수영,http://www.kfaa.kr/data/file/actor/2041483895_eS8rxyMJ_f55813e6da4a3eeb2034e8ef85b9648c094f3994.jpg,1952-03-28,67
송승환,http://www.kfaa.kr/data/file/actor/2041483895_Hw4OMsNV_92cbfaefa61e890b062d62df332143a2160e4275.jpg,1957-01-11,62
송인혁,http://www.kfaa.kr/data/file/actor/2041483895_a4heZlDI_245201f9588a4ba6ca9836147e3b9fa2aad83510.jpg,1956-06-12,63
송일근,http://www.kfaa.kr/data/file/actor/2041483895_sUiZjXlg_fdc57cdbd1f34ba2d41496b40307f938fa23f536.jpg,1923-08-29,96
송정현,http://www.kfaa.kr/data/file/actor/2041483895_QZB0pU4O_ddd16a07a9cbb8c0cad93d1d36a9095645b7496e.jpg,1972-04-03,47
수진,http://www.kfaa.kr/data/file/actor/2041483895_0xd5hmIS_c8e0f129d90da61cce3e12acfc4fe19a4eef45f3.jpg,1977-07-26,42
신갑주,http://www.kfaa.kr/data/file/actor/2041483895_MZXxgDIy_5442137923a9ca76bd3b6a51a2e9d476a6244ca4.jpg,1961-03-16,58
신동리,http://www.kfaa.kr/data/file/actor/2041483895_1RFHoYDs_a504cde58d2f37b7b98483bb5285261d6405096e.jpg,1963-07-25,56
신성일,http://www.kfaa.kr/data/file/actor/2041483895_Ikzd84iN_ca87d09f9f82680dce689d25ed44a522ef96fd92.jpg,1937-05-08,82
신세명,http://www.kfaa.kr/data/file/actor/2041483895_n62Ll493_60ec23d31beb18b7b38a50ed7c86213d49f1269c.jpg,1962-01-09,57
신신범,http://www.kfaa.kr/data/file/actor/2041483895_J9woVAWh_4aa3138b385901d3e2b8b733108b304f4b9468b4.jpg,1948-05-26,71
신양균,http://www.kfaa.kr/data/file/actor/2041483895_RETaz2Af_0cfd4a2532dda93832a66a48dcb66e6aea6eb949.jpg,1956-07-19,63
신영국,http://www.kfaa.kr/data/file/actor/2041483895_asK5WqcT_225776c4b8bc2a911f63ab907f96fca192a950ba.jpg,1960-03-23,59
신영균,http://www.kfaa.kr/data/file/actor/2041483895_3xDFn9vg_317e907dba8170c6997904119898c223713d8943.jpg,1928-11-07,91
신영일,http://www.kfaa.kr/data/file/actor/2041483895_1IsM2VBQ_fe3893916114f5586bd7fdecc0a7fa8d58bfa079.jpg,1951-12-11,68
신재천,http://www.kfaa.kr/data/file/actor/2041483895_visK5h3C_503243d6f3c1d57ca07d853b3b87c0b09b35e730.jpg,1954-04-02,65
신표,http://www.kfaa.kr/data/file/actor/2041483895_OGlxLRPN_2b4f58cb0213ef83aed5580b1bdc31bb103c8a9e.jpg,1984-05-27,35
안도원,http://www.kfaa.kr/data/file/actor/2041483895_8dYZ5c7g_329473bd571e841524ff67e6b90ef99fffa7b01d.jpg,1980-05-11,39
안성기,http://www.kfaa.kr/data/file/actor/2041483895_Y5qZamib_02d0d1df78e8621aa7fe2c5c12c73f2dccdda44d.jpg,1952-01-02,67
안완근,http://www.kfaa.kr/data/file/actor/2041483895_LlqEQtn5_477372d38e63f2d20c522f4d00427d53445dc45b.jpg,1962-02-21,57
안용석,http://www.kfaa.kr/data/file/actor/2041483895_BykL8AUc_7b229ca1395ccdd5e3096eb7a76109a63c930a55.jpg,1986-02-08,33
안진수,http://www.kfaa.kr/data/file/actor/2041483895_3YxqTglk_7ccd6c4962faeb9c879a9a07903d3d62ba753ced.jpg,1945-04-24,74
양우진,http://www.kfaa.kr/data/file/actor/2041483895_iWEcVMlh_243ea24865806a4c5ea9aafea17ee339938f1182.jpg,1997-12-12,22
양일민,http://www.kfaa.kr/data/file/actor/2041483895_9PD7xXuo_f0f197bd662bd9f4410670c0b4c7fa814fda128b.jpg,1928-07-10,91
양재갑,http://www.kfaa.kr/data/file/actor/2041483895_w07cNs1O_2ad87051e25f38da777905d73b13d77e68b8ac80.jpg,1961-04-15,58
양준,http://www.kfaa.kr/data/file/actor/2041483895_MC2HtoDy_7023396560299b37c60ba8836e3844dcaa2acc40.jpg,1971-02-01,48
양찬석,http://www.kfaa.kr/data/file/actor/2041483895_XCZTzuaU_138a98068a93f2de27cfc012c648a9f0cdf97822.jpg,1966-01-20,53
양철수,http://www.kfaa.kr/data/file/actor/2041483895_uQCH5Ng4_81e50b61725b5ab703500bfd8c3f9e87d31a33ab.jpg,1962-09-26,57
양택조,http://www.kfaa.kr/data/file/actor/2041483895_x0WTar95_55d32e146aacb258802064f1f0cccf200d551275.jpg,1939-03-24,80
양해길,http://www.kfaa.kr/data/file/actor/2041483895_laZBPogO_d5cbc15a6b585bb36854fda57d0b6a35114c43c4.jpg,1960-02-19,59
염철호,http://www.kfaa.kr/data/file/actor/2041483895_xR9zT4QF_7d74301fb6ac2181129510986f606a355bd21df8.jpg,1979-03-27,40
예학영,http://www.kfaa.kr/data/file/actor/2041483895_QRvHVYwc_ceb3c9acafdddb97021c53b69645a93515e5a9d9.jpg,1983-02-09,36
오대천,http://www.kfaa.kr/data/file/actor/2041483895_V1YkhR9x_728464fc1eca323a82c79e4ba8d70d10dfdad525.jpg,1985-09-04,34
오도규,http://www.kfaa.kr/data/file/actor/2041483895_Env1O9pF_f4fe26095478c40954fba888cb05001faca09776.jpg,1934-10-10,85
오상철,http://www.kfaa.kr/data/file/actor/2041483895_kl4qLK62_b65ddfa64ae638cf0b6e578907d9262086f5faf7.jpg,1974-03-08,45
오세장,http://www.kfaa.kr/data/file/actor/2041483895_UywHZY8d_5369a844deb3fccc536464b16e67ba42cf4a6697.jpg,1935-11-03,84
오요섭,http://www.kfaa.kr/data/file/actor/2041483895_1y3KuroO_84661c1d8cb1af54f730e8493f1cab520210c75a.jpg,1960-05-01,59
오지명,http://www.kfaa.kr/data/file/actor/2041483895_C8jvBJ4O_6256d7550f9cc1d44a23bd466816aaeb6f56a026.jpg,1939-03-06,80
온주완,http://www.kfaa.kr/data/file/actor/2041483895_u1GFLYr7_b76339340ec6600b02d294058746418dc73d18f5.jpg,1983-12-12,36
왕호,http://www.kfaa.kr/data/file/actor/2041483895_6VzbNB3Y_4a3221d03518db8972ebc115c4593eda07619932.jpg,1952년생</p>,67
우대권,http://www.kfaa.kr/data/file/actor/2041483895_XrGs39Vo_48d593b692af5df44c05825ffd370e5fabeff180.jpg,1966-09-11,53
우명덕,http://www.kfaa.kr/data/file/actor/2041483895_Oe1PJHZS_c36eaf49492125532e73f7cc0f4ee319d132b2a2.jpg,1948-02-27,71
유동균,http://www.kfaa.kr/data/file/actor/2041483895_ATRGowmS_974a530d8755aec5a1fd964bb80a556a6e1db4c4.jpg,1992-09-23,27
유병완,http://www.kfaa.kr/data/file/actor/2041483895_fHu9xiCE_6fe64d41415fa188bd85fedf7a882caa72f77743.jpg,1958-03-23,61
유아인,http://www.kfaa.kr/data/file/actor/2041483895_CPQT4rsj_87c795c1f956fb6983a7a3235c1bbf85e095e9e5.jpg,1986-10-07,33
유영국,http://www.kfaa.kr/data/file/actor/2041483895_xKTcCB7l_93dfc0a94c5028ab4ff07aeb699c2049bfb3c9c1.jpg,1951-03-17,68
유재량,http://www.kfaa.kr/data/file/actor/2041483895_DNXS09Gk_da9d1192848338dae8c390503e03e301a34c6135.jpg,1979-07-19,40
유창수,http://www.kfaa.kr/data/file/actor/2041483895_dEnVQsJI_a5f9d34347e47ed63efc369ca076cb11b7cb730b.jpg,1949-01-19,70
유천,http://www.kfaa.kr/data/file/actor/2041483895_aQ8V5zwT_840274c117f7f790760c22cb5f68ad599886cfbc.jpg,1964-11-19,55
유하식,http://www.kfaa.kr/data/file/actor/2041483895_XCh1F7K2_1b720f993b296b281a3ef92fbd12606930f32a4a.jpg,1960-02-17,59
유화춘,http://www.kfaa.kr/data/file/actor/2041483895_rJtOl4sK_5dfdde459e271ae23a86ec9f838e0f531b992f1a.jpg,1952-02-25,67
윤경식,http://www.kfaa.kr/data/file/actor/2041483895_3yOsjVUR_18f96236054acc232a77a6959cfbcdc1f7cf08b6.jpg,1979-12-02,40
윤경호,http://www.kfaa.kr/data/file/actor/2041483895_OMZrT6l2_f218e73aee57c454fe789c54eccf0665ce2aeac1.jpg,1997-04-05,22
윤배영,http://www.kfaa.kr/data/file/actor/2041483895_epU6MX9q_0e0f26147248f6d9d39444fb5d0248d6e52e75b6.jpg,1980-02-21,39
윤석봉,http://www.kfaa.kr/data/file/actor/2041483895_HzSjIhVJ_4c98592c36f1e653bbcd00889d3f0c45eedbbc12.jpg,1942-12-06,77
윤일봉,http://www.kfaa.kr/data/file/actor/2041483895_Sb8Zyi1A_471e83b1d2b51402462f9c30c2f7ff1e28e69bca.jpg,1929-05-26,90
윤철형,http://www.kfaa.kr/data/file/actor/2041483895_HnbRVpc4_cac78280485a99875e01dc1f71266bfef61fffe6.jpg,1960-06-23,59
윤태후,http://www.kfaa.kr/data/file/actor/2040571058_gN7UTWAI_35be678c628c9051ea08c1ff2835c1bfa4c96d48.jpg,1985-05-18,34
이갑성,http://www.kfaa.kr/data/file/actor/2041483895_inIba8Ng_e3dd3a29581687fd604989ea65b410fc90513905.jpg,1958-01-07,61
이강빈,http://www.kfaa.kr/data/file/actor/2041483895_UCk1vVdT_2dc847cef13bf511beeb303e34e67a53f1392d6f.jpg,1979-07-25,40
이균식,http://www.kfaa.kr/data/file/actor/2041483895_AOMu3RvL_373a5015734cb603c09ae9b3e2215f11f2ea3fbc.jpg,1953-04-06,66
이기영,http://www.kfaa.kr/data/file/actor/2041483895_O7oVFwq5_6e08a8fa3df799bbb9029617d69d4661e116deff.jpg,1963-08-27,56
이다윗,http://www.kfaa.kr/data/file/actor/2041483895_kIJyP3AT_771c43c1317f152e5b617b3fd2b4509084b45cdc.jpg,1994-03-04,25
이대갑,http://www.kfaa.kr/data/file/actor/2041483895_KdA5MQkF_036c3553bb4bdc9ba3bce38df3e7b3f3bed5ecde.jpg,1955-09-03,64
이대근,http://www.kfaa.kr/data/file/actor/2041483895_CdMQXJ4E_6a9d08a9ed53c42b62204f2e296539a59126d675.jpg,1943-07-02,76
이대로,http://www.kfaa.kr/data/file/actor/2041483895_gTcko9me_1e6443ef8664de9d1d44852ad17bd29fbe9e7c69.jpg,1939-11-24,80
이대승,http://www.kfaa.kr/data/file/actor/2041483895_NG0ufeWJ_0362fb9af515bce2a86217dd58b7664073e808f4.jpg,1961-04-04,58
