강다영,http://www.kfaa.kr/data/file/actor/2041483895_qJVPdlLm_8e7c36a5c07c0941b9d19f0f5bc35a0f0b4f528e.jpg,1996-06-23,23
강명혜,http://www.kfaa.kr/data/file/actor/2041483895_p5GvoUzl_e5541767749df74cc9ea13e330bd08c853eef47b.jpg,1967-09-14,52
강수연,http://www.kfaa.kr/data/file/actor/2041483895_L17bxIZd_34ab1f72ba95b5e54ef8e4843add4aa2c37dcf2b.jpg,1966-08-19,53
강청,http://www.kfaa.kr/data/file/actor/2041483895_lzi4CnSc_e1c192afc20f469da5a3f674f1638bea1b709cc8.jpg,1959-07-26,60
강희,http://www.kfaa.kr/data/file/actor/2041483895_uVYqdeS0_5f258e59c1edc94829aeb9eefeaa2f2d593aaae8.jpg,1954-07-15,65
경유진,http://www.kfaa.kr/data/file/actor/2041483895_OIDn3PjA_4729dcac109d75703bf64fc8f50be1f01a38145a.jpg,1999-02-20,20
고나연,http://www.kfaa.kr/data/file/actor/2041483895_akpYVfIi_9aaeef6c1e603e39ff9a1e987dd345698cf1c300.jpg,1993-01-11,26
고선빈,http://www.kfaa.kr/data/file/actor/2041483895_ic8Ivu6n_2cd37c15c9e95dda8dd6414893aee270904afe94.jpg,1995-11-02,24
고소영,http://www.kfaa.kr/data/file/actor/2041483895_gAznwyPX_71e0ddd71fb0adfcbe9cc18cd145b92f98c72b76.jpg,1972-10-07,47
고승아,http://www.kfaa.kr/data/file/actor/2041483895_riMYb0yT_786d1504f051b56a234e4e04680c4b7f84c4bbbe.jpg,1965-03-06,54
고유라,http://www.kfaa.kr/data/file/actor/2041483895_2rly5nzW_10e65edf8cd8265ee35d975adf6cffb99c5a0aeb.jpg,1993-02-10,26
고은아,http://www.kfaa.kr/data/file/actor/2041483895_SJa42EtQ_5d025fe72fd2b7b9e35042c08fa923c024d517ca.jpg,1946-02-13,73
공미진,http://www.kfaa.kr/data/file/actor/2041483895_HSjXJFsW_c4a87c41672cc81367d62c617c0db7455b3830b5.jpg,1980-04-17,39
곽정희,http://www.kfaa.kr/data/file/actor/2041483895_xvKbBWN0_ee1bece9df794d336abb862911bb8b809a6cc720.jpg,1953-05-26,66
국나향,http://www.kfaa.kr/data/file/actor/2041483895_NHCwQU1x_a20ad676d7af8bc51c94a746db394e9b7167bc74.jpg,1942-02-14,77
권지수,http://www.kfaa.kr/data/file/actor/2041483895_YoHV3SrK_8e0c107ab1242487cf440daaed5da6ebc91c8bbd.jpg,1990-05-28,29
김경란,http://www.kfaa.kr/data/file/actor/2041483895_LKg2XflY_86ec445e5809e7b5a0bc489b0417ea8df8ca5e6c.jpg,1940-02-09,79
김경애,http://www.kfaa.kr/data/file/actor/2041483895_sNEHdFVZ_a01d3aed94ace9d48d9d9aac2029488ff3d874c0.jpg,1955-02-09,64
김경애,http://www.kfaa.kr/data/file/actor/2041483895_Nbqp15yR_41b15f8c00922ac2865067fd71a1e2a5bd5f6511.jpg,1945-10-04,74
김경진,http://www.kfaa.kr/data/file/actor/2041483895_OgDQt0KC_f76df10026e8c591351750bebe076ec642aa566c.jpg,1967-01-11,52
김금란,http://www.kfaa.kr/data/file/actor/2041483895_cWsnxm4f_9de2321728598a10fa93043f48728b736aee6653.jpg,1951-02-15,68
김기자,http://www.kfaa.kr/data/file/actor/2041483895_oZvrfz3g_417e833207d13a83e9c97f5227eaf568d6205d3f.jpg,1952-03-30,67
김나은,http://www.kfaa.kr/data/file/actor/2041483895_LgHTd0M7_a08acf1463efa75e76ff6f1e0fc71e0dfc27b3d5.jpg,1959-04-15,60
김남화,http://www.kfaa.kr/data/file/actor/2041483895_cuEYSzmN_4420f5504a83ada766cbc1838710fd83e9f7acea.jpg,1983-04-08,36
김도은,http://www.kfaa.kr/data/file/actor/2041483895_8xFOHXNf_679ebc60aac7c8fea18948500f0ff3d82f646f00.jpg,1968-01-20,51
김막달,http://www.kfaa.kr/data/file/actor/2041483895_2B0rDkLw_d0de6564c6a4f005b73e6f938f8ebb489c3edac8.jpg,1964-02-11,55
김미영,http://www.kfaa.kr/data/file/actor/2041483895_TlHU0RIw_5ad938d296c1ce25228884d6947dd62da12bdbb7.jpg,1971-07-11,48
김미정,http://www.kfaa.kr/data/file/actor/2041483895_CdX1KoZh_88b3edd59e89f1eb8fc8a1ab81f0539bcb7cb0c7.jpg,1934-06-01,85
김민서,http://www.kfaa.kr/data/file/actor/2041483895_YtlMpi9n_a1bfb3759e3ad72c2849e320b450c2aefdc20d19.jpg,1966-10-17,53
김민채,http://www.kfaa.kr/data/file/actor/2041483895_8GFa7kCr_7689e137d520b3513888155d444800e961457379.jpg,1986-07-29,33
김보연,http://www.kfaa.kr/data/file/actor/2041483895_G7WnKFg6_203d2e7fb96cbf2631726e412e1bf9e234dbf9fa.jpg,1956-12-12,63
김보희,http://www.kfaa.kr/data/file/actor/2041483895_5bcvu329_a87bc408c9f2e8e6ebba780392f21ce3ee32cc74.jpg,1990-06-02,29
김샛별,http://www.kfaa.kr/data/file/actor/2041483895_KFX62SfU_37728445d01681a2377de5b9583c03e2bf2e26fe.jpg,1993-01-10,26
김석옥,http://www.kfaa.kr/data/file/actor/2041483895_rP2hcN6M_c9abed79a6dff7c97ea30bce3d901ce6a9d06e23.jpg,1939-01-14,80
김선희 (예명:써니 김),http://www.kfaa.kr/data/file/actor/2040571069_5lAfp0ye_bbf294add3ffe48984182be076f4a73821257854.jpg,1967-11-18,52
김애경,http://www.kfaa.kr/data/file/actor/2041483895_xQJcypPd_91dc7abb457b56df27242bbfac01c1c46e12864c.jpg,1950-02-13,69
김에스더,http://www.kfaa.kr/data/file/actor/2041483895_8VuDNOna_a465c293b1782c3ffa497ca04ff4577af935f3c6.jpg,1963-10-06,56
김영미,http://www.kfaa.kr/data/file/actor/2041483895_Is25Qa18_11bd29504dd03321213cdf78014f3d42733621f3.jpg,1939-08-06,80
김윤경,http://www.kfaa.kr/data/file/actor/2041483895_avMjH1hU_d8cc84411e720abc44348ea1f5c14e410b5ce60a.jpg,1949-11-18,70
김정란,http://www.kfaa.kr/data/file/actor/2041483895_RPjb6flg_bd7fb1fc29317bf81b63927903776e9d7cd6dbf5.jpg,1955-07-29,64
김정자,http://www.kfaa.kr/data/file/actor/2041483895_TEIC7hnV_6464fbb29b25efc16383902fe7b8df20f161e52c.jpg,1967-12-04,52
김종아,http://www.kfaa.kr/data/file/actor/2041483895_pXnDk2rG_3c8d54b802b905a06130fd3d56f426c164191835.jpg,1969-03-02,50
김지미,http://www.kfaa.kr/data/file/actor/2041483895_TdC01X24_0a0a774d2792f41e25ad21c2e251d14c97978f41.jpg,1940-07-16,79
김지순,http://www.kfaa.kr/data/file/actor/2041483895_dU3jr0Zp_be46a5671deed2fd19c35c0d83f14eda3b9bdbab.jpg,1950-08-24,69
김진아,http://www.kfaa.kr/data/file/actor/2041483895_TbGeSfmQ_0044b68bf37d4166a5a332ee88b2d2d6dee02cd3.jpg,1963-10-25,56
김하늘,http://www.kfaa.kr/data/file/actor/2041483895_h7Vs6EJq_afd68acfda7c2ba9e6a5edb569524f5a200b0207.jpg,1978-02-22,41
김혜경,http://www.kfaa.kr/data/file/actor/2041483895_MhCAWJg3_cf6f8524854b08f757909090ba729eadaa243448.jpg,1950-05-11,69
김혜선,http://www.kfaa.kr/data/file/actor/2041483895_LvugNFt6_082ff1efcf6aadbbe0b22de2edb947e705a5744f.jpg,1969-09-29,50
김혜수,http://www.kfaa.kr/data/file/actor/2041483895_RSds2fHr_6102975cce6580f7927c780d78f58987399a3d18.jpg,1970-09-06,49
김혜자,http://www.kfaa.kr/data/file/actor/2041483895_TtzyOhaf_94f7e4b919d6c13f281c944b88765e991b1be190.jpg,1941-10-26,78
김혜정,http://www.kfaa.kr/data/file/actor/2041483895_vDIh3YnK_0d0205224d566c369875789a1bb78c9b6e382c9b.jpg,1941-03-04,78
나문희,http://www.kfaa.kr/data/file/actor/2041483895_nEldkwmY_a31beb8766afc1893a20cd8f9de2c329014f5805.jpg,1941-12-01,78
남정희,http://www.kfaa.kr/data/file/actor/2041483895_KxUSgl9F_f1f6a6625cfe1c25ab4241ad0a35a49cded12313.jpg,1942-02-06,77
디나 에이드,http://www.kfaa.kr/data/file/actor/2041483895_Q3ClcHI8_cbc3f2bb5e9f39269dc5a12ea98b89e1324d49e7.jpg,1986-05-10,33
류미오,http://www.kfaa.kr/data/file/actor/2041483895_9yai80oQ_152948505a3cc179a452c34544c0fe170279d1d3.jpg,1973-06-09,46
류현영,http://www.kfaa.kr/data/file/actor/2041483895_FIipjTqg_ec5f902e164bdd4411ecc2b76b903a296a930e28.jpg,1994-05-11,25
마리나꿈꽃,http://www.kfaa.kr/data/file/actor/2041483895_UaSrJkft_8ed3d89e3810d4f2816934a7e44e8f81d4d840cc.jpg,1950-06-30,69
문미봉,http://www.kfaa.kr/data/file/actor/2041483895_RYT6kypI_216bec881564daef800622a2c6259e909e877295.jpg,1932-03-06,87
문세림,http://www.kfaa.kr/data/file/actor/2041483895_eP459bDN_65982a6174c1b04609a67e9f80461056b6975ca5.jpg,1984-03-13,35
문소리,http://www.kfaa.kr/data/file/actor/2041483895_kifn8cpd_374a2e5810f71fcd3dd74fa8daca557f799fa11a.jpg,1974-07-03,45
문현주,http://www.kfaa.kr/data/file/actor/2041483895_bzYZQTEm_7c18809711a9f8d854d7491a9c717b134c1ed320.jpg,1969-11-16,50
민병애,http://www.kfaa.kr/data/file/actor/2041483895_BR830wxE_87f1fc4ea8a03f7dc8f3b4dc4fca803385de613a.jpg,1956-09-10,63
민지아,http://www.kfaa.kr/data/file/actor/2041483895_1z7TphvA_ce980f6148730c34438005ef4a0483a4f5a91548.jpg,1962-05-28,57
박단비,http://www.kfaa.kr/data/file/actor/2041483895_DFg0fEwm_b9828cd2f6ecd59eb02ecfff33b870b6934a2f8d.jpg,1987-10-21,32
박아희,http://www.kfaa.kr/data/file/actor/2041483895_cPR13JWN_2e5d51abc551ea2321b1f9e204799def34bf5540.jpg,1993-06-05,26
박양희,http://www.kfaa.kr/data/file/actor/2041483895_zJImnMYH_7f0d5a66ad79d46ae8094f6624df4a3f17309ecf.jpg,1967-01-21,52
박영내,http://www.kfaa.kr/data/file/actor/2041483895_DcYPu2Q0_ff6319fb7c1891a64ef2358eeca62b050fde67a8.jpg,1940-09-08,79
박예숙,http://www.kfaa.kr/data/file/actor/2041483895_CG1phqt4_5dd3f4fb245c21c1b07d587fbbfbdff4827e87f6.jpg,1936-10-17,83
박은주,,1985-08-31,34
박인순,http://www.kfaa.kr/data/file/actor/2041483895_0tjIqAsz_7d5461a9bfe27874794d947f9a207b000936f0af.jpg,1956-05-09,63
박정자,http://www.kfaa.kr/data/file/actor/2041483895_EpuC65Qz_a0a411bec0ee2c13bf6da72576bfc6144025bec2.jpg,1942-03-13,77
박하,http://www.kfaa.kr/data/file/actor/2041483895_GhF78ysV_d3ad83c6352841c84acc74040460cec9ba30b009.jpg,1975-06-02,44
박해미,http://www.kfaa.kr/data/file/actor/2041483895_lXJF8bN3_fa1a352d42c2add7aa960479232eb4dfb4c0ba1e.jpg,1964-01-29,55
박혜준,http://www.kfaa.kr/data/file/actor/2041483895_1AU3Tv0c_c1dfc6663af7d5d83f0f917e9bd0ed6ff08b4f0b.jpg,1979-10-09,40
반소영,http://www.kfaa.kr/data/file/actor/2041483895_LJps3ko6_4b2263ceb8076efe7ac0e69349af31fea869d1bc.jpg,1988-03-23,31
방희,http://www.kfaa.kr/data/file/actor/2041483895_8N1PxVzH_b472eae409e128a1ce936999e683b38ef4f745da.jpg,1954-07-16,65
배하나,http://www.kfaa.kr/data/file/actor/2041483895_DrVs392I_cc75e4eb12980eb5e2247a7a6a4fddd11cc13f03.jpg,1983-02-22,36
백주연,http://www.kfaa.kr/data/file/actor/2041483895_dYwVXW9z_ab0dd1f4d4a1b49d4f5433bff7a585430699226e.jpg,1984-01-15,35
범정자,http://www.kfaa.kr/data/file/actor/2041483895_t16HpMDg_436f0ca87e08784efd82e6b4af662c327ca8e041.jpg,1954-07-09,65
변채윤,http://www.kfaa.kr/data/file/actor/2041483895_Pt3Ius61_6cbe1e7668ac3070d7a4fbb501e7b534c07c6556.jpg,1967-09-20,52
서리슬,http://www.kfaa.kr/data/file/actor/2041483895_brF8EX1t_ee83d0feb97a1e1097c94bf46e72e72de87d3869.jpg,1984-05-19,35
서숙희,http://www.kfaa.kr/data/file/actor/2041483895_EaMAOlrS_ebec90878833dfb0ae834633da652db93e5a9b49.jpg,1957-10-16,62
서예빈,http://www.kfaa.kr/data/file/actor/2041483895_ufvFyGkZ_1a378e14fcee946f8ba9412fc600ea25b220ff66.jpg,1996-06-08,23
서주아,http://www.kfaa.kr/data/file/actor/2041483895_xXc5O9hR_bad1955fdc1a7640a3f786e5bae3b3d3c34ff26a.jpg,1984-03-01,35
선우용녀,http://www.kfaa.kr/data/file/actor/2041483895_ZVBXvsAj_791a3454244bacbee192dc915ec0773254afc947.jpg,1945-08-16,74
선우일란,http://www.kfaa.kr/data/file/actor/2041483895_YC5hHGsR_81cdf3a2ae680de7ff9e4bf33bc7388dbc57ebb1.jpg,1966-02-02,53
설지윤,http://www.kfaa.kr/data/file/actor/2041483895_OMaH10Gw_9ddd8724d2339383c8f245c86e0ed0808ee1523d.jpg,1970-09-02,49
성명순,http://www.kfaa.kr/data/file/actor/2041483895_53FndK4g_9bfe661a86d905ab239645219f6717c12a0bbfd2.jpg,1930-07-11,89
소미,http://www.kfaa.kr/data/file/actor/2041483895_6IyPDvrX_a262dc562780e25af7fd7ac65a0b5bfb81f973ee.jpg,1996-12-08,23
손민지,http://www.kfaa.kr/data/file/actor/2041483895_w4o2gpDt_9a0c912f2364385ccbb145edd94a896c4b9a8765.jpg,1949-05-29,70
손영순,http://www.kfaa.kr/data/file/actor/2041483895_nji2L78R_05b2cbe3d667e74f7f80b95dbfe02fbaba91ccd3.jpg,1942-05-02,77
송나래,http://www.kfaa.kr/data/file/actor/2041483895_bRae9ofC_e81c1fb21312046facc8eee8ad2de927753acac6.jpg,1988-10-09,31
송옥숙,http://www.kfaa.kr/data/file/actor/2041483895_gQp27RG3_65daec869451e7b93f3f809a053b287428a66b7a.jpg,1960-08-15,59
수애,http://www.kfaa.kr/data/file/actor/2041483895_O8sFkaCI_36ecca942e8350ac23c4c419610ee96c010dbb00.jpg,1980-07-26,39
수지,http://www.kfaa.kr/data/file/actor/2041483895_GtBucFsK_92aa0d3859435b56595fc5a365e74e25ddf599ee.jpg,1979-02-23,40
신세지,http://www.kfaa.kr/data/file/actor/2041483895_LMktPCun_50ee9618919f307491fbce826ed199c40545a6d0.jpg,1993-01-16,26
신종순,http://www.kfaa.kr/data/file/actor/2041483895_zyrRcGvx_2088dcc1c925429191f357525e1e808b57805a85.jpg,1962-04-02,57
심효진,http://www.kfaa.kr/data/file/actor/2041483895_nXIercaL_6522d34ab8e5a1374c5fb3b343d01be80cf7adb1.jpg,1973-01-17,46
안여진,http://www.kfaa.kr/data/file/actor/2041483895_nTCh3VIb_8482a715d0eb21413620c4f512f09f58f2fed621.jpg,1966-12-24,53
안정희,http://www.kfaa.kr/data/file/actor/2041483895_RiQKVmW4_ad43f9452b6d18925c428e0e077d80c30c7d8b77.jpg,1968-01-12,51
안진희,http://www.kfaa.kr/data/file/actor/2041483895_2uNba1eR_7bb2ec80fafcda09d516a799281ebc3601a9eb4a.jpg,1989-10-04,30
양영숙,http://www.kfaa.kr/data/file/actor/2041483895_IW8mED2M_c097012c5b14d7841df67730b065f51938bf5e06.jpg,1952-12-03,67
연분홍,http://www.kfaa.kr/data/file/actor/2041483895_SXPGZqJE_066ee0a0279929aaeb5e38e6ec3f7da3659dde78.jpg,1977-07-28,42
염미경,http://www.kfaa.kr/data/file/actor/2041483895_vrTDnl1U_981bf421bee540b0f7bf473080ca7c63ce321c1e.jpg,1970-09-15,49
염정아,http://www.kfaa.kr/data/file/actor/2041483895_CZVropab_305fd4bc1e227532a2b3aa1d843f2175b6c59aab.jpg,1972-07-29,47
오가빈,http://www.kfaa.kr/data/file/actor/2041483895_6KRz54Vw_3cbdac396f7677d3483e3c0d0cc5c66bdbbe5e77.jpg,2000-12-30,19
오경아,http://www.kfaa.kr/data/file/actor/2041483895_vHld8zWk_a455c1f8217f4721d2f46cf8d8155f8fa154da3e.jpg,1945-09-10,74
오노아,http://www.kfaa.kr/data/file/actor/2041483895_8QqXRY3H_cb22054873d1655d58e155b81412a4bac3a93361.jpg,1966-08-21,53
오영화,http://www.kfaa.kr/data/file/actor/2041483895_xRDkwQU4_5a43543c0c0560f8b5da8100b035475256da6474.jpg,1955-03-16,64
오정해,http://www.kfaa.kr/data/file/actor/2041483895_81oFjrcE_599d028a67f684914cda50605d12dc18a2417f9f.jpg,1971-09-06,48
온사랑,http://www.kfaa.kr/data/file/actor/2041483895_sSPLNXyz_73835ce6a3283806943056295ea7f2aa03526681.jpg,1958-01-07,61
우수민,http://www.kfaa.kr/data/file/actor/2041483895_AaOebQ8t_fb03845811f04c68d02455f10cf3e93022283ad7.jpg,1970-02-02,49
원정희,http://www.kfaa.kr/data/file/actor/2041483895_kIgqE6sG_26171fb249c996469200d5a3d0f5f11f652e3cb3.jpg,1960-06-26,59
유경애,http://www.kfaa.kr/data/file/actor/2041483895_keErnYH1_f1e3c3b4ba8aabe563f03f3ee93f516f82ce7cd9.jpg,1939-06-10,80
유송희,http://www.kfaa.kr/data/file/actor/2041483895_HiA2yI4V_e8fcdfebd7faba5283e8781b9cd569b58d52ce98.jpg,1995-08-11,24
윤영애,http://www.kfaa.kr/data/file/actor/2041483895_cZvDMygK_48660bcaf8ca6aaf0a99fa978e62db30768b83a7.jpg,1956-05-21,63
윤유정,http://www.kfaa.kr/data/file/actor/2041483895_SkZXr75L_555e6f83aacb61dada01bf38de5a68948e55d44d.jpg,1995-01-29,24
윤정희,http://www.kfaa.kr/data/file/actor/2041483895_Zuxz6Aih_3c2610d1ec85c523409e9548202427c1141e82d6.jpg,1944-07-31,75
음서영,http://www.kfaa.kr/data/file/actor/2041483895_bDonRkyH_13a91d8b0c18f6230118377ac11f42d0e539928e.jpg,2010-06-12,9
이경화,http://www.kfaa.kr/data/file/actor/2041483895_qZilWEj8_2f513f02ed915db110855305dad2402476e5cef8.jpg,1969-07-17,50
이경희,http://www.kfaa.kr/data/file/actor/2041483895_6EBMdkzp_f7714104c62f6089e8b55e8750324be32a577e05.jpg,1932-09-30,87
이림,http://www.kfaa.kr/data/file/actor/2041483895_7oShKGZM_e3eef7679136db9cf6bfa9073b25fd7ea4b93950.jpg,1953-02-28,66
이명희,http://www.kfaa.kr/data/file/actor/2041483895_t9km8rFC_c3d5df4c18099a71b96bd4cef249385270482020.jpg,1955-12-26,64
이미애,http://www.kfaa.kr/data/file/actor/2041483895_wapvTo7Z_599bbf6f57073c4a7e0e0cc2da0e6a58e4ebe698.jpg,1982-08-10,37
이빈화,http://www.kfaa.kr/data/file/actor/2041483895_jJe80Egl_f0a3368cb9d484be5970e9b5f1526611edd014c4.jpg,1934-02-04,85
이상미,http://www.kfaa.kr/data/file/actor/2040570965_hOaYI7mi_36026149102a04000d61f9f035ad44450fa29f2f.jpg,1969년 1월 1,50
이수연,http://www.kfaa.kr/data/file/actor/2041483895_OvKwjeBy_ee397eb7fcd14415c52eb538479e26e601ebdcb8.jpg,1997-04-12,22
이수현,http://www.kfaa.kr/data/file/actor/2041483895_O83C6VBc_2274ee0dfca8ee89d6f50647bd854336cf7aa721.jpg,1999-12-27,20
이숙녀,http://www.kfaa.kr/data/file/actor/2041483895_XEyDhtlu_fa9c901105d453d7189cc4cbb8a699c2e9497e01.jpg,1952-12-11,67
이연희,http://www.kfaa.kr/data/file/actor/2041483895_17bJzNsC_8cf7e76bbc150310425a36472d465d3c3123aa38.jpg,1988-01-10,31
이영애,http://www.kfaa.kr/data/file/actor/2041483895_vsZaX2Oj_54f9a66e78da33b0df81e614a1b4299a0aae0b61.jpg,1971-02-01,48
이영의,http://www.kfaa.kr/data/file/actor/2041483895_QFzhTMra_de956aa6013c288809cd838564778d0201b891d8.jpg,1957-09-05,62
이예린,http://www.kfaa.kr/data/file/actor/2041483895_SQWZ0ztP_14e8984e3baa89be6cd8f15c30f087569c087d74.jpg,1990-12-24,29
이예빈,http://www.kfaa.kr/data/file/actor/2041483895_1FyYvEWN_8131c519aeb14e28127d42bfeed9ab6b264ec8f3.jpg,2000-06-19,19
이용이,http://www.kfaa.kr/data/file/actor/2041483895_DFNq4fmu_603060d566eed4122e37756dfdadbe6d6c260bfb.jpg,1957-07-28,62
이유라,http://www.kfaa.kr/data/file/actor/2041483895_4oGEq5UL_408b561efb8863e59a52b90a192ec9ca628e0773.jpg,1963-11-21,56
이은정,http://www.kfaa.kr/data/file/actor/2041483895_RLGe8uph_2dda81b62d395dc221115533d07ed676fdc14310.jpg,1969-11-09,50
이인옥,http://www.kfaa.kr/data/file/actor/2041483895_wyEnJdDB_d972a836cbf997b19861b845000d3cd3ed004a3f.jpg,1953-07-13,66
이정민,http://www.kfaa.kr/data/file/actor/2041483895_V8plu12T_ac2db3b0e2e70987123f7fa3494221a57d3e7441.jpg,1981-07-11,38
이혜령,http://www.kfaa.kr/data/file/actor/2041483895_fJyKrBvF_c920fd65afba39dd199a414f9f439213b5759308.jpg,1965-01-25,54
이혜영,http://www.kfaa.kr/data/file/actor/2041483895_KIogZBDm_3eac44283b5415ef8d2b351fc342302e85665725.jpg,1962-11-26,57
임난영,http://www.kfaa.kr/data/file/actor/2038460253_hzR1eCoy_f90de430317a62c724df9f2a75737ba984d302f2.jpg,1963-03-04,56
임소영,http://www.kfaa.kr/data/file/actor/2041483895_dIq7REKC_cd46e6da86265d4307d5c4c9c2df43019238fdd7.jpg,1984-04-12,35
임연희,http://www.kfaa.kr/data/file/actor/2041483895_YDtn69uR_f90d3291170419d89ae659de0d0cdd168af049bd.jpg,1962-05-02,57
임종분,http://www.kfaa.kr/data/file/actor/2041483895_a27wLPq3_1fcb1998eb7ae7d973c8125b1c3352e59513c5a9.jpg,1953-02-15,66
임지안,http://www.kfaa.kr/data/file/actor/2041483895_DbkrVYWo_ae4e3e2d3c64605794766cb4bc84263a495d778b.jpg,1963-02-25,56
장나라,http://www.kfaa.kr/data/file/actor/2041483895_75QWpSbE_246d96396f0552d9994b12873ebc763ab3eafc69.jpg,1981-03-19,38
장영희,http://www.kfaa.kr/data/file/actor/2041483895_U1HPTmk6_694fb1cc6b0e259d9bec3ff33eaddbf583843b90.jpg,1985-12-03,34
전계현,http://www.kfaa.kr/data/file/actor/2041483895_kiJrFC6t_71c9a68e672b7ef972963bca60fee8fa4383c9bb.jpg,1936-09-29,83
전도연,http://www.kfaa.kr/data/file/actor/2041483895_UWK1Y6ch_99891faff3b2c6b391bf1e244702bb1e21aa0195.jpg,1973-02-12,46
전수현,http://www.kfaa.kr/data/file/actor/2041483895_z3rps2un_d13b8c546bf4e5dbe32dd153f2e58eb26add0c53.jpg,1998-08-11,21
전채련,http://www.kfaa.kr/data/file/actor/2040570965_wWn5y3KQ_daed4b0e0c58d298a984062d8e98c1c47a1126bc.jpg,1948년 04월 ,71
전혜란,http://www.kfaa.kr/data/file/actor/2041483895_j9vEfWTL_2ef5f3c0538f15d5bb12e7c7f917ce2281e4ba0a.jpg,1949-08-27,70
전희정,http://www.kfaa.kr/data/file/actor/2041483895_WvBgIS0p_e802542820071dd2e3c318e86ac0c95f17f47983.jpg,1956-03-10,63
정경임,http://www.kfaa.kr/data/file/actor/2041483895_p8TxeDrk_58d55384e3a08f6e5498b4d51fbe854b874fe66a.jpg,1952-07-01,67
정라모,http://www.kfaa.kr/data/file/actor/2041483895_fFiKo7rU_fea5c7af6cb0f3fc9a763a0fa78acb13b71a6681.jpg,1957-08-26,62
정솔희,http://www.kfaa.kr/data/file/actor/2041483895_UgEMDJ4A_bad91d6067b959d6dac5a34d5c4e3d702cf32995.jpg,1985-05-27,34
정수경,http://www.kfaa.kr/data/file/actor/2041483895_vfIQbEkK_306f7a722a8a0d7ce222373f95536496d58112e9.jpg,1964-03-22,55
정영숙,http://www.kfaa.kr/data/file/actor/2041483895_3Zpfqevo_fcc3371cbd7f4529bebc2b25d1d3431f1efa798a.jpg,1947-04-02,72
정영희,http://www.kfaa.kr/data/file/actor/2041483895_ldOsT9z4_5674065ccf3cefc29ddfb8a55596884a823acccb.jpg,1952-09-27,67
정은경,http://www.kfaa.kr/data/file/actor/2041483895_Lie9HFoK_d76d958b26254ee48ff17c410df95af796684aa6.jpg,1968-10-09,51
정은희,http://www.kfaa.kr/data/file/actor/2041483895_GaiVprqK_21edeb7e9715961d276cea8412368f529bc253a4.jpg,1959-03-18,60
정재연,http://www.kfaa.kr/data/file/actor/2041483895_lPoBSkgn_f885165fabc3c3c367771ca5fc9b5642ef184c44.jpg,1977-03-24,42
정재영,http://www.kfaa.kr/data/file/actor/2041483895_oMU3P8BI_eec77ad55df401edc613438654063cc7f62b62b4.jpg,1980-12-09,39
제니안,http://www.kfaa.kr/data/file/actor/2041483895_ObJcnyKj_8714fa7dbf0e14cace943b8fb3175e0a9b70d2d2.jpg,1969-04-28,50
조남미,http://www.kfaa.kr/data/file/actor/2041483895_gkeSMhZo_4699aafd8e6702546a2b943c82e367866bcdb95e.jpg,1952-05-04,67
조영화,http://www.kfaa.kr/data/file/actor/2041483895_ZzvPS7bi_a63ff718fceb7b5cda98d58926eb576490d44424.jpg,1955-05-13,64
조은주,http://www.kfaa.kr/data/file/actor/2041483895_svWelUKC_2f1d7d12a1f19c17fa1d0fea18f57c20307f4a10.jpg,1984-09-05,35
조학자,http://www.kfaa.kr/data/file/actor/2041483895_6hrmJG2H_d5142b6fe6e07b432456597fce95d104262c376c.jpg,1935-05-28,84
조현주,http://www.kfaa.kr/data/file/actor/2041483895_6a9uS5le_93cfc9fc0bb15a8ca25e680c684a0eb4e28ac79f.jpg,1970-10-11,49
차민선,http://www.kfaa.kr/data/file/actor/2041483895_olME79Un_e5977ef3cb1942bcf4b0b03663707de8a8a3db86.jpg,1947-05-19,72
차부녀,http://www.kfaa.kr/data/file/actor/2041483895_H8vyGsCh_4a16694e92d9d5f955a3e42cfec017c45b850aa6.jpg,1953-09-15,66
채시라,http://www.kfaa.kr/data/file/actor/2041483895_zd8uZAaN_1f887424196f652570a9626480ad6f27b25a709b.jpg,1968-06-24,51
채주이,http://www.kfaa.kr/data/file/actor/2041483895_UYFn5kvr_afdde5cc5411bf31a54452e25c289e7d978f650d.jpg,1975-05-30,44
천서경,http://www.kfaa.kr/data/file/actor/2041483895_6JaQj8yx_e9711a83c0ca0f34c422bdbe2f539f07ec7a2d86.jpg,1994-03-07,25
최민금,http://www.kfaa.kr/data/file/actor/2041483895_IgNiQXWf_cd66d23d3afd1e27667544ab6b8c2104f5de76bc.jpg,1958-08-15,61
최연수,http://www.kfaa.kr/data/file/actor/2041483895_heBW4lFv_f2113690429c475bded6aca842baafe90264b478.jpg,1929-01-24,90
최은희,http://www.kfaa.kr/data/file/actor/2041483895_Oa830WIK_b9209439b575d4a98f1cdba4cfd55c32642946e7.jpg,1930-01-09,89
최정민,http://www.kfaa.kr/data/file/actor/2041483895_YsFmcrTb_8182973472371b721ff6faa076267bc58fef1b70.jpg,1950-06-15,69
최정인,http://www.kfaa.kr/data/file/actor/2041483895_3qhmtCwY_ff869220d80ebf590a51006377f27f8c6042e3c2.jpg,1975-09-06,44
최지연,http://www.kfaa.kr/data/file/actor/2041483895_s3fqIvuH_56b18cc824adf68066b306a8c14aa333396cdbdd.jpg,1975-08-10,44
최지우,http://www.kfaa.kr/data/file/actor/2041483895_3pizAHUI_ab789c246a41df7cd5c753b3b7cee1bebc010567.jpg,1975-06-12,44
최지헌,http://www.kfaa.kr/data/file/actor/2041483895_QDMJ0LZa_4d5e0c4820783b5e68e9fd079b65bebcb03d51af.jpg,1991-04-13,28
최지혜,http://www.kfaa.kr/data/file/actor/2041483895_k0DadWfX_41d40f42c8f6fa56af231d11e5dec4f74f2fd8cc.jpg,1999-11-07,20
최지희,http://www.kfaa.kr/data/file/actor/2041483895_AnkfS9OK_b2d4d836507543b95eadc3911a904511180ec6fd.jpg,1940-01-23,79
최현숙,http://www.kfaa.kr/data/file/actor/2041483895_io1XBgCH_a91cfcad4bc1433544fc3ce02cffa7e195216b02.jpg,1959-12-14,60
태현실,http://www.kfaa.kr/data/file/actor/2041483895_dKmOA1ru_e238a0bfce5f20a46f41ce93961fedca23eadaae.jpg,1941-11-12,78
하수연,http://www.kfaa.kr/data/file/actor/2041483895_IPWO25Gl_9f94bc67a4fe7583495a286cf086f683296d90df.jpg,1959-04-05,60
하유미,http://www.kfaa.kr/data/file/actor/2041483895_9gw52kIB_e5ff749a88ebc899007a216b169094e187cdb877.jpg,1968-07-08,51
하지원,http://www.kfaa.kr/data/file/actor/2041483895_oI89gL71_15a16916db1e822e00d7026c56c50d59f0752b54.jpg,1978-06-29,41
한수진,http://www.kfaa.kr/data/file/actor/2041483895_X2g3Sr8j_ab81664e5c7fcfcc7f9e1de019f1ee6f38c59a94.jpg,1977-10-19,42
한유정,http://www.kfaa.kr/data/file/actor/2041483895_TMOG1QnZ_4485c4d7b69076b11334b35a24fb9eaff8f0d687.jpg,1960-07-16,59
한윤경,http://www.kfaa.kr/data/file/actor/2041483895_3MwmoRau_3350012a66286f720947d4b135b1cb6554375e0f.jpg,1968-10-15,51
한윤희,http://www.kfaa.kr/data/file/actor/2041483895_ywcIHku4_99750ab29b886b32c0bee522a80a6d5b3fd19370.jpg,1977-12-07,42
한은정,http://www.kfaa.kr/data/file/actor/2041483895_3fhegdq8_16dc6daaa578d24486f5bac462fbada1278867cc.jpg,1980-09-13,39
한지숙,http://www.kfaa.kr/data/file/actor/2041483895_8ksRC2eZ_d5fc2c0a9607148fd34c3ab5d362999b283d1d06.jpg,1981-02-23,38
해아,http://www.kfaa.kr/data/file/actor/2041483895_0yAfrbIV_07667c8f4d5b492301ae0ad0aac9686cb63bb3fe.jpg,1985-04-09,34
허나희,http://www.kfaa.kr/data/file/actor/2041483895_d4IDnbPu_8b03b204c2aad3edfa84a3a49e7e557592e2077e.jpg,1960-07-01,59
허다정,http://www.kfaa.kr/data/file/actor/2041483895_zKqk1e8E_16144e9ba1ad6fc952ffa32b44cdecddbb92c78b.jpg,1977-05-02,42
홍나영,http://www.kfaa.kr/data/file/actor/2041483895_J9jsEx4h_81d448576a8fcea5fb28ab45b10eabbe13b118d1.jpg,1966-04-19,53
홍윤정,http://www.kfaa.kr/data/file/actor/2041483895_QhwWCpIk_3a3e8697367ed08b1f8429d4477e2a5f7ad1523e.jpg,1944-08-16,75
황현이,http://www.kfaa.kr/data/file/actor/2041483895_3By7aps8_35faf329b78156dc6fcfc21160e7e95cde24e83c.jpg,1964-09-10,55
흐엉,http://www.kfaa.kr/data/file/actor/2041483895_STIRrO8L_fc5a19933e4871353a45b5bde9652fe8e7068086.jpg,1989-03-02,30
