JamesMcAvoy,"https://m.media-amazon.com/images/M/MV5BMTQzNzIxOTYzMl5BMl5BanBnXkFtZTcwNjYxNTk1Nw@@._V1_UY209_CR10,0,140,209_AL_.jpg",1979-4-21,40
ChrisPratt,"https://m.media-amazon.com/images/M/MV5BNzg3MTgwOTgzMV5BMl5BanBnXkFtZTgwODIxMTUwMjE@._V1_UX140_CR0,0,140,209_AL_.jpg",1979-6-21,40
ChrisHemsworth,"https://m.media-amazon.com/images/M/MV5BOTU2MTI0NTIyNV5BMl5BanBnXkFtZTcwMTA4Nzc3OA@@._V1_UX140_CR0,0,140,209_AL_.jpg",1983-8-11,36
ChrisPine,"https://m.media-amazon.com/images/M/MV5BMTM4OTQ4NTU3NV5BMl5BanBnXkFtZTcwNjEwNDU0OQ@@._V1_UX140_CR0,0,140,209_AL_.jpg",1980-8-26,39
ChrisEvans,"https://m.media-amazon.com/images/M/MV5BMTU2NTg1OTQzMF5BMl5BanBnXkFtZTcwNjIyMjkyMg@@._V1_UY209_CR4,0,140,209_AL_.jpg",1981-6-13,38
TroyBaker,"https://m.media-amazon.com/images/M/MV5BMTc2NjA3MTg1N15BMl5BanBnXkFtZTcwMDcwMDM4OA@@._V1_UY209_CR2,0,140,209_AL_.jpg",1976-4-1,43
SebastianStan,"https://m.media-amazon.com/images/M/MV5BNTk2OGU4NzktODhhOC00Nzc2LWIyNzYtOWViMjljZGFiNTMxXkEyXkFqcGdeQXVyMTE1NTQwOTk@._V1_UY209_CR10,0,140,209_AL_.jpg",1982-8-13,37
HughDancy,"https://m.media-amazon.com/images/M/MV5BMTUzNTgxMDM2OV5BMl5BanBnXkFtZTcwMTQ1Mzc3Mg@@._V1_UY209_CR0,0,140,209_AL_.jpg",1975-6-19,44
TylerHoechlin,"https://m.media-amazon.com/images/M/MV5BYmRiYTdhYzUtN2VlYS00ZThiLTkzYTgtMGIzNzIwODY3MjlhXkEyXkFqcGdeQXVyMTE3NDgwNA@@._V1_UY209_CR7,0,140,209_AL_.jpg",1987-9-11,32
IanSomerhalder,"https://m.media-amazon.com/images/M/MV5BMTg2NDAyOTQ0N15BMl5BanBnXkFtZTgwNzM4NDI1OTE@._V1_UX140_CR0,0,140,209_AL_.jpg",1978-12-8,41
PaulWesley,"https://m.media-amazon.com/images/M/MV5BOTE3ZDk1NmYtNmUyNC00NWE2LTkzNTEtN2JlNTMyMWY3ZWY1XkEyXkFqcGdeQXVyNDE1NzY2MTI@._V1_UX140_CR0,0,140,209_AL_.jpg",1982-7-23,37
JosephMorgan,"https://m.media-amazon.com/images/M/MV5BMTk2MzgyNTk3NF5BMl5BanBnXkFtZTgwMzc0ODgzNDE@._V1_UY209_CR34,0,140,209_AL_.jpg",1981-5-16,38
LoganLerman,"https://m.media-amazon.com/images/M/MV5BZjE0ZmExNTMtODA0ZS00NzYwLWJlNzAtNDVkZThlMWNhNTk5XkEyXkFqcGdeQXVyMDYyMTk3MQ@@._V1_UX140_CR0,0,140,209_AL_.jpg",1992-1-19,27
DanielSharman,"https://m.media-amazon.com/images/M/MV5BZDIyYmFjZTEtYjVmNC00MjE3LTkwMTEtNTgxYmViMzkyYjc2XkEyXkFqcGdeQXVyMTk5ODMxNjY@._V1_UY209_CR22,0,140,209_AL_.jpg",1986-4-25,33
ColtonHaynes,"https://m.media-amazon.com/images/M/MV5BMjc1NDMwYmItM2NiNy00OWE5LTljYWYtNmFjZWFlMjdiNWFmXkEyXkFqcGdeQXVyMTYwMDA3MDg@._V1_UY209_CR34,0,140,209_AL_.jpg",1988-7-13,31
GabrielMann,"https://m.media-amazon.com/images/M/MV5BMTc1N2U3NjMtYzgxMS00ZTQzLWFiODItYTkxYjQ3N2EyZDQ2XkEyXkFqcGdeQXVyMjU4MDk0MDI@._V1_UY209_CR14,0,140,209_AL_.jpg",1972-5-14,47
JRBourne,"https://m.media-amazon.com/images/M/MV5BMjAxNTcxNjQ4NF5BMl5BanBnXkFtZTgwMjU3ODY5NjE@._V1_UX140_CR0,0,140,209_AL_.jpg",1970-4-8,49
DanielGillies,"https://m.media-amazon.com/images/M/MV5BMTUwMTExOTkxM15BMl5BanBnXkFtZTgwODQ1NjEyNjE@._V1_UY209_CR5,0,140,209_AL_.jpg",1976-3-14,43
AndrewGarfield,"https://m.media-amazon.com/images/M/MV5BMjE2MjI2OTk1OV5BMl5BanBnXkFtZTgwNTY1NzM4MDI@._V1_UY209_CR1,0,140,209_AL_.jpg",1983-8-20,36
RobertDowneyJr.,"https://m.media-amazon.com/images/M/MV5BNzg1MTUyNDYxOF5BMl5BanBnXkFtZTgwNTQ4MTE2MjE@._V1_UX140_CR0,0,140,209_AL_.jpg",1965-4-4,54
DanielRadcliffe,"https://m.media-amazon.com/images/M/MV5BMTg4NTExODc3Nl5BMl5BanBnXkFtZTgwODUyMDEzMDE@._V1_UY209_CR8,0,140,209_AL_.jpg",1989-7-23,30
StevenR.McQueen,"https://m.media-amazon.com/images/M/MV5BMjI0MTExMTE0N15BMl5BanBnXkFtZTcwNTUxMDI4Nw@@._V1_UY209_CR4,0,140,209_AL_.jpg",1988-7-13,31
JensenAckles,"https://m.media-amazon.com/images/M/MV5BMTcxMDk3NTgzNl5BMl5BanBnXkFtZTcwMTUzNzY3OQ@@._V1_UY209_CR8,0,140,209_AL_.jpg",1978-3-1,41
JaredPadalecki,"https://m.media-amazon.com/images/M/MV5BMjA2ODMyMDgxMl5BMl5BanBnXkFtZTcwNjAwMjA3NA@@._V1_UY209_CR1,0,140,209_AL_.jpg",1982-7-19,37
MishaCollins,"https://m.media-amazon.com/images/M/MV5BMjcyOTMyMzc2M15BMl5BanBnXkFtZTcwODA0NzIwNA@@._V1_UX140_CR0,0,140,209_AL_.jpg",1974-8-20,45
MarkSheppard,"https://m.media-amazon.com/images/M/MV5BMTQyNjAxODA2MV5BMl5BanBnXkFtZTcwOTU5OTAzMQ@@._V1_UY209_CR17,0,140,209_AL_.jpg",1964-5-30,55
NickWechsler,"https://m.media-amazon.com/images/M/MV5BMzY1OTYyNjgyOF5BMl5BanBnXkFtZTcwMDQxMzM3OA@@._V1_UY209_CR1,0,140,209_AL_.jpg",1978-9-3,41
MattDallas,"https://m.media-amazon.com/images/M/MV5BMTU0NjUyNjY1NV5BMl5BanBnXkFtZTcwMDQyNjMzMQ@@._V1_UY209_CR79,0,140,209_AL_.jpg",1982-10-21,37
ColinO'Donoghue,"https://m.media-amazon.com/images/M/MV5BNmJkNjNjOGMtYTdlMi00M2ExLWE3MGMtZWE0NWY2YzFlOTg2XkEyXkFqcGdeQXVyMTY2Mjk3NTg@._V1_UX140_CR0,0,140,209_AL_.jpg",1981-1-26,38
MichaelFassbender,"https://m.media-amazon.com/images/M/MV5BMTk0NjM2MTE5M15BMl5BanBnXkFtZTcwODIxMzcyNw@@._V1_UX140_CR0,0,140,209_AL_.jpg",1977-4-2,42
AaronTveit,"https://m.media-amazon.com/images/M/MV5BMTA4MjgzNDIzNTheQTJeQWpwZ15BbWU3MDExNjM0ODY@._V1_UY209_CR13,0,140,209_AL_.jpg",1983-10-21,36
KitHarington,"https://m.media-amazon.com/images/M/MV5BMTA2NTI0NjYxMTBeQTJeQWpwZ15BbWU3MDIxMjgyNzY@._V1_UX140_CR0,0,140,209_AL_.jpg",1986-12-26,33
PeterDinklage,"https://m.media-amazon.com/images/M/MV5BMTM1MTI5Mzc0MF5BMl5BanBnXkFtZTYwNzgzOTQz._V1_UY209_CR14,0,140,209_AL_.jpg",1969-6-11,50
IanBohen,"https://m.media-amazon.com/images/M/MV5BM2Q4MjM3MTQtMTU3YS00NmNjLWE0NmUtNDkxYzZiYjIwNjBhXkEyXkFqcGdeQXVyMjkwNjk3MQ@@._V1_UX140_CR0,0,140,209_AL_.jpg",1976-9-24,43
MaxThieriot,"https://m.media-amazon.com/images/M/MV5BMmJlNTYzZWMtMTVmMC00MjNiLThkODktOWY1OWFjYjc1ZDJlXkEyXkFqcGdeQXVyNjc5Mjg0NjU@._V1_UY209_CR87,0,140,209_AL_.jpg",1988-10-14,31
LeePace,"https://m.media-amazon.com/images/M/MV5BMzk2NjE4NDgzNl5BMl5BanBnXkFtZTcwNTI3NTEzMQ@@._V1_UY209_CR11,0,140,209_AL_.jpg",1979-3-25,40
JoshDallas,"https://m.media-amazon.com/images/M/MV5BNGYzOGRhYWQtYWQyYS00YjM4LWE5MTUtNTFmYWMzM2ZlZDBlXkEyXkFqcGdeQXVyMTUyNjc4NzM@._V1_UX140_CR0,0,140,209_AL_.jpg",1978-12-18,41
StephenAmell,"https://m.media-amazon.com/images/M/MV5BMTc3MTg0MDMyMV5BMl5BanBnXkFtZTcwMjc2MzQxOA@@._V1_UY209_CR69,0,140,209_AL_.jpg",1981-5-8,38
JohnBarrowman,"https://m.media-amazon.com/images/M/MV5BMTQ4Mjc1MzQzM15BMl5BanBnXkFtZTcwMDc0MDYzMw@@._V1_UY209_CR3,0,140,209_AL_.jpg",1967-3-11,52
DavidTennant,"https://m.media-amazon.com/images/M/MV5BMTEzOTA4NTAzOTReQTJeQWpwZ15BbWU4MDg1ODc4NzEx._V1_UY209_CR2,0,140,209_AL_.jpg",1971-4-18,48
RyanGosling,"https://m.media-amazon.com/images/M/MV5BMTQzMjkwNTQ2OF5BMl5BanBnXkFtZTgwNTQ4MTQ4MTE@._V1_UY209_CR12,0,140,209_AL_.jpg",1980-11-12,39
RyanReynolds,"https://m.media-amazon.com/images/M/MV5BOTI3ODk1MTMyNV5BMl5BanBnXkFtZTcwNDEyNTE2Mg@@._V1_UY209_CR5,0,140,209_AL_.jpg",1976-10-23,43
HughJackman,"https://m.media-amazon.com/images/M/MV5BNDExMzIzNjk3Nl5BMl5BanBnXkFtZTcwOTE4NDU5OA@@._V1_UX140_CR0,0,140,209_AL_.jpg",1968-10-12,51
MattSmith,"https://m.media-amazon.com/images/M/MV5BNjI4ZTc1MjUtYWJkYi00ODEwLTkwZTQtNDFmNDc0Y2U5NmUzXkEyXkFqcGdeQXVyOTgyMjEzMDA@._V1_UY209_CR115,0,140,209_AL_.jpg",1982-10-28,37
TomMison,"https://m.media-amazon.com/images/M/MV5BMWE4NmRlNzgtNDk0ZS00M2Q1LWE2YWMtNTAyZWI1ZDIzMzViXkEyXkFqcGdeQXVyMjQwMDg0Ng@@._V1_UY209_CR87,0,140,209_AL_.jpg",1982-7-23,37
NathanFillion,"https://m.media-amazon.com/images/M/MV5BMTkxODM3ODY2Nl5BMl5BanBnXkFtZTgwMzAyMjU2NzE@._V1_UY209_CR13,0,140,209_AL_.jpg",1971-3-27,48
ZacEfron,"https://m.media-amazon.com/images/M/MV5BMTUxNzY3NzYwOV5BMl5BanBnXkFtZTgwNzQ3Mzc4MTI@._V1_UX140_CR0,0,140,209_AL_.jpg",1987-10-18,32
TomHardy,"https://m.media-amazon.com/images/M/MV5BMTQ3ODEyNjA4Nl5BMl5BanBnXkFtZTgwMTE4ODMyMjE@._V1_UX140_CR0,0,140,209_AL_.jpg",1977-9-15,42
NicholasHoult,"https://m.media-amazon.com/images/M/MV5BMTUxMTYxNzMzNF5BMl5BanBnXkFtZTcwMTU0NTcxOQ@@._V1_UY209_CR3,0,140,209_AL_.jpg",1989-12-7,30
TobyRegbo,"https://m.media-amazon.com/images/M/MV5BMTAwMjE0MTQ0OTJeQTJeQWpwZ15BbWU4MDgzMzY4MjIx._V1_UY209_CR2,0,140,209_AL_.jpg",1991-10-18,28
DylanSprayberry,"https://m.media-amazon.com/images/M/MV5BNzE4NTI2ODUxM15BMl5BanBnXkFtZTgwMzUyNzU1MDI@._V1_UY209_CR83,0,140,209_AL_.jpg",1998-7-7,21
GrantGustin,"https://m.media-amazon.com/images/M/MV5BMjE3NDUyMTg1MF5BMl5BanBnXkFtZTgwMTQzMjY1NjM@._V1_UY209_CR8,0,140,209_AL_.jpg",1990-1-14,29
EvanPeters,"https://m.media-amazon.com/images/M/MV5BODM3Yzk4MTktZmI1Ni00OTlhLWEzZDAtNzFmOGYyNTAyOTc3XkEyXkFqcGdeQXVyNzg5NDMyMjQ@._V1_UY209_CR1,0,140,209_AL_.jpg",1987-1-20,32
ColinFord,"https://m.media-amazon.com/images/M/MV5BMDdlMjU5NzgtZDBhMS00ODBmLTgyNmItMDcyNjA2NmY2YjgyXkEyXkFqcGdeQXVyMTg4MzgxOA@@._V1_UX140_CR0,0,140,209_AL_.jpg",1996-9-12,23
SkylarAstin,"https://m.media-amazon.com/images/M/MV5BNjM4MDYwNTM0OV5BMl5BanBnXkFtZTcwNDE2ODgzOQ@@._V1_UX140_CR0,0,140,209_AL_.jpg",1987-9-23,32
ZacharyLevi,"https://m.media-amazon.com/images/M/MV5BMTU5NjEwOTgwMF5BMl5BanBnXkFtZTgwOTEzMDk1NTM@._V1_UX140_CR0,0,140,209_AL_.jpg",1980-9-29,39
SeanMaher,"https://m.media-amazon.com/images/M/MV5BYjIxZjU4YWUtOGQxNS00MDRlLWFmNjgtMGNhOTQ4NGM3MDljXkEyXkFqcGdeQXVyMjY5MDE5NDU@._V1_UX140_CR0,0,140,209_AL_.jpg",1975-4-16,44
JohnFrancisDaley,"https://m.media-amazon.com/images/M/MV5BMTM2MzIxMjMyMF5BMl5BanBnXkFtZTYwMTY2MzUz._V1_UX140_CR0,0,140,209_AL_.jpg",1985-7-20,34
ThomasBrodie-Sangster,"https://m.media-amazon.com/images/M/MV5BMTM4OTUyMzY0OV5BMl5BanBnXkFtZTcwMTEyMTUwOA@@._V1_UX140_CR0,0,140,209_AL_.jpg",1990-5-16,29
NeilPatrickHarris,"https://m.media-amazon.com/images/M/MV5BMTUxNjQ4MjU5Ml5BMl5BanBnXkFtZTcwMTY5NzAzNw@@._V1_UY209_CR10,0,140,209_AL_.jpg",1973-6-15,46
CharlieCox,"https://m.media-amazon.com/images/M/MV5BMjA0Mzg5MTU3MV5BMl5BanBnXkFtZTgwOTUxMTQ5NzE@._V1_UY209_CR95,0,140,209_AL_.jpg",1982-12-15,37
ScottFoley,"https://m.media-amazon.com/images/M/MV5BOTdkZGU1ZDgtZjA0ZS00N2Y4LThlMTgtZjMwMDBkN2Y3MmMwXkEyXkFqcGdeQXVyMzM3NDA0NA@@._V1_UY209_CR8,0,140,209_AL_.jpg",1972-7-15,47
JakeAbel,"https://m.media-amazon.com/images/M/MV5BNDE1MDUyNTUyN15BMl5BanBnXkFtZTgwMjMxMTIwMDI@._V1_UY209_CR20,0,140,209_AL_.jpg",1987-11-18,32
DanStevens,"https://m.media-amazon.com/images/M/MV5BMTY0NTY5OTI2MF5BMl5BanBnXkFtZTgwNDkzMzIxMzE@._V1_UY209_CR5,0,140,209_AL_.jpg",1982-10-10,37
BenAffleck,"https://m.media-amazon.com/images/M/MV5BMTI4MzIxMTk0Nl5BMl5BanBnXkFtZTcwOTU5NjA0Mg@@._V1_UX140_CR0,0,140,209_AL_.jpg",1972-8-15,47
ChristianSlater,"https://m.media-amazon.com/images/M/MV5BMTY5ODA1ODY2Nl5BMl5BanBnXkFtZTgwNjcwNDczNzE@._V1_UX140_CR0,0,140,209_AL_.jpg",1969-8-18,50
RobbieAmell,"https://m.media-amazon.com/images/M/MV5BMjE2OTMyMDM2Ml5BMl5BanBnXkFtZTgwNDAyMjU4NzE@._V1_UY209_CR4,0,140,209_AL_.jpg",1988-4-21,31
IanMcKellen,"https://m.media-amazon.com/images/M/MV5BMTQ2MjgyNjk3MV5BMl5BanBnXkFtZTcwNTA3NTY5Mg@@._V1_UY209_CR7,0,140,209_AL_.jpg",1939-5-25,80
PatrickStewart,"https://m.media-amazon.com/images/M/MV5BMTc0MzU5ODQ5OF5BMl5BanBnXkFtZTYwODIwODk1._V1_UY209_CR3,0,140,209_AL_.jpg",1940-7-13,79
SimonPegg,"https://m.media-amazon.com/images/M/MV5BNzMwODE1NjA3OV5BMl5BanBnXkFtZTgwNTY5MzM2OTE@._V1_UX140_CR0,0,140,209_AL_.jpg",1970-2-14,49
NickOfferman,"https://m.media-amazon.com/images/M/MV5BMTYzMjY2ODkxMV5BMl5BanBnXkFtZTgwMjQxMDA5MTE@._V1_UX140_CR0,0,140,209_AL_.jpg",1970-6-26,49
ChanningTatum,"https://m.media-amazon.com/images/M/MV5BMTc4OTI3Mzg2Nl5BMl5BanBnXkFtZTcwMDAxNTU3OA@@._V1_UX140_CR0,0,140,209_AL_.jpg",1980-4-26,39
NickFrost,"https://m.media-amazon.com/images/M/MV5BMTczNzA1ODc4Ml5BMl5BanBnXkFtZTgwNTA2MjkyNzM@._V1_UY209_CR6,0,140,209_AL_.jpg",1972-3-28,47
SteveCarell,"https://m.media-amazon.com/images/M/MV5BMjMyOTM2OTk1Ml5BMl5BanBnXkFtZTgwMTI3MzkyNjM@._V1_UX140_CR0,0,140,209_AL_.jpg",1962-8-16,57
EzraMiller,"https://m.media-amazon.com/images/M/MV5BMjEwMjQ3ODgxOV5BMl5BanBnXkFtZTgwNzc4NjE4NTE@._V1_UY209_CR87,0,140,209_AL_.jpg",1992-9-30,27
AaronPaul,"https://m.media-amazon.com/images/M/MV5BMTY1OTY5NjI5NV5BMl5BanBnXkFtZTcwODA4MjM0OA@@._V1_UX140_CR0,0,140,209_AL_.jpg",1979-8-27,40
TorranceCoombs,"https://m.media-amazon.com/images/M/MV5BNTlkNGQ2ZDYtY2YyNS00NDRjLTk4ZTYtMjU0NzQ2NWEwYjQ2XkEyXkFqcGdeQXVyMTgyOTkwNDc@._V1_UX140_CR0,0,140,209_AL_.jpg",1983-6-14,36
CaryElwes,"https://m.media-amazon.com/images/M/MV5BOTUxNzY3NTAxNF5BMl5BanBnXkFtZTgwNjU4MDU0NzE@._V1_UX140_CR0,0,140,209_AL_.jpg",1962-10-26,57
JohnCorbett,"https://m.media-amazon.com/images/M/MV5BMTc4Nzg1MjY2M15BMl5BanBnXkFtZTcwMTU5MTQzMg@@._V1_UX140_CR0,0,140,209_AL_.jpg",1961-5-9,58
LucasGrabeel,"https://m.media-amazon.com/images/M/MV5BMTQ0MTQxMTQzNV5BMl5BanBnXkFtZTcwOTk3OTUwOA@@._V1_UY209_CR72,0,140,209_AL_.jpg",1984-11-23,35
BarrySloane,"https://m.media-amazon.com/images/M/MV5BODBkYTZkMTgtZjUyMi00YTE4LTk5ZTYtMjJlZTFjYTIyNGIxXkEyXkFqcGdeQXVyNjc5Mjg0NjU@._V1_UY209_CR87,0,140,209_AL_.jpg",1981-2-10,38
BrentonThwaites,"https://m.media-amazon.com/images/M/MV5BNGU4ODYyZTktMzViMy00MWMzLWE4ODQtZThjYWNiN2EyN2NhXkEyXkFqcGdeQXVyNTg1Mjc3OTc@._V1_UX140_CR0,0,140,209_AL_.jpg",1989-8-10,30
NatWolff,"https://m.media-amazon.com/images/M/MV5BYzc0OGU1MDEtMTExNS00ZDViLWJkZGQtZmQ3M2FjMDNhYWMzXkEyXkFqcGdeQXVyNjk2NTE3NQ@@._V1_UY209_CR16,0,140,209_AL_.jpg",1994-12-17,25
MilesTeller,"https://m.media-amazon.com/images/M/MV5BMTY2MzM2NzAxNF5BMl5BanBnXkFtZTgwMDIyMzg1NDE@._V1_UY209_CR0,0,140,209_AL_.jpg",1987-2-20,32
EdHelms,"https://m.media-amazon.com/images/M/MV5BMTk2MDQwODEwNV5BMl5BanBnXkFtZTcwNjc4MTY0NA@@._V1_UY209_CR12,0,140,209_AL_.jpg",1974-1-24,45
JonahHill,"https://m.media-amazon.com/images/M/MV5BMTUyNDU0NzAwNl5BMl5BanBnXkFtZTcwMzQxMzIzNw@@._V1_UY209_CR19,0,140,209_AL_.jpg",1983-12-20,36
ChristianBale,"https://m.media-amazon.com/images/M/MV5BMTkxMzk4MjQ4MF5BMl5BanBnXkFtZTcwMzExODQxOA@@._V1_UX140_CR0,0,140,209_AL_.jpg",1974-1-30,45
KevinSpacey,"https://m.media-amazon.com/images/M/MV5BMTY1NzMyODc3Nl5BMl5BanBnXkFtZTgwNzE2MzA1NDM@._V1_UY209_CR58,0,140,209_AL_.jpg",1959-7-26,60
TateEllington,"https://m.media-amazon.com/images/M/MV5BMzYyYzRlOWEtZmZjMC00MjhkLWIxMTAtYWNlMjA5NjM1NDNjXkEyXkFqcGdeQXVyMTMyNTY2NzI@._V1_UX140_CR0,0,140,209_AL_.jpg",1979-0-0,40
JasonBateman,"https://m.media-amazon.com/images/M/MV5BMTMwOTQ0MDUyNF5BMl5BanBnXkFtZTcwNTQ1MzY1Mw@@._V1_UY209_CR12,0,140,209_AL_.jpg",1969-1-14,50
PatrickWarburton,"https://m.media-amazon.com/images/M/MV5BMTgyNzc5OTExN15BMl5BanBnXkFtZTcwOTU0MzYwNw@@._V1_UX140_CR0,0,140,209_AL_.jpg",1964-11-14,55
JoelMcHale,"https://m.media-amazon.com/images/M/MV5BMTU2ODA0NzMwNV5BMl5BanBnXkFtZTgwOTA4MDA3NTE@._V1_UY209_CR8,0,140,209_AL_.jpg",1971-11-20,48
MattRyan,"https://m.media-amazon.com/images/M/MV5BMTUwNjM5MTcwM15BMl5BanBnXkFtZTgwNTUzNTAzNDE@._V1_UY209_CR6,0,140,209_AL_.jpg",1981-4-11,38
JackFalahee,"https://m.media-amazon.com/images/M/MV5BODk0NjRhZGEtNTZhZS00MTg3LWIwYmQtYzJjMWMzNWQ5M2MzXkEyXkFqcGdeQXVyNjc5Mjg0NjU@._V1_UY209_CR0,0,140,209_AL_.jpg",1989-2-20,30
MattMcGorry,"https://m.media-amazon.com/images/M/MV5BMTQ1NTkxNDI2OV5BMl5BanBnXkFtZTcwMjM0NDU3OQ@@._V1_UY209_CR3,0,140,209_AL_.jpg",1986-4-12,33
PatrickDempsey,"https://m.media-amazon.com/images/M/MV5BMTM4NzExNTAxN15BMl5BanBnXkFtZTcwNzA4MTU5MQ@@._V1_UX140_CR0,0,140,209_AL_.jpg",1966-1-13,53
AsaButterfield,"https://m.media-amazon.com/images/M/MV5BZGYyN2I4YmQtNGMyOS00MWIwLWJjYzctZjU5NDFhMTI5NDc1XkEyXkFqcGdeQXVyNTE0NzY4NTM@._V1_UX140_CR0,0,140,209_AL_.jpg",1997-4-1,22
GreggSulkin,"https://m.media-amazon.com/images/M/MV5BN2Y5NTJlMDItYmE3Ni00YzA2LWE2NTEtYjFiODgwYTM4NjM4L2ltYWdlXkEyXkFqcGdeQXVyMjMwODIzMTA@._V1_UX140_CR0,0,140,209_AL_.jpg",1992-5-29,27
