EmmaStone,"https://m.media-amazon.com/images/M/MV5BMjI4NjM1NDkyN15BMl5BanBnXkFtZTgwODgyNTY1MjE@._V1.._UX140_CR0,0,140,209_AL_.jpg",1988-11-6,31
CharlizeTheron,"https://m.media-amazon.com/images/M/MV5BMTk5Mzc4ODU0Ml5BMl5BanBnXkFtZTcwNjU1NTI0Mw@@._V1_UY209_CR8,0,140,209_AL_.jpg",1975-8-7,44
AmberHeard,"https://m.media-amazon.com/images/M/MV5BMjA4NDkyODA3M15BMl5BanBnXkFtZTgwMzUzMjYzNzM@._V1_UY209_CR34,0,140,209_AL_.jpg",1986-4-22,33
EvanRachelWood,"https://m.media-amazon.com/images/M/MV5BMTA2OTM4NDI3NTheQTJeQWpwZ15BbWU3MDA4NzI3Mjc@._V1_UY209_CR3,0,140,209_AL_.jpg",1987-9-7,32
NinaDobrev,"https://m.media-amazon.com/images/M/MV5BMmFkMGIxYTItNWI0My00NmJkLWFmYTItNWIxN2Y2ZmRhMWRlXkEyXkFqcGdeQXVyMTM5NDMzMjY@._V1_UX140_CR0,0,140,209_AL_.jpg",1989-1-9,30
DianeKruger,"https://m.media-amazon.com/images/M/MV5BMTM3MzY0Nzk2Ml5BMl5BanBnXkFtZTcwODQ0MTMyMw@@._V1_UY209_CR1,0,140,209_AL_.jpg",1976-7-15,43
ZooeyDeschanel,"https://m.media-amazon.com/images/M/MV5BMTgzMjM2NDE1OF5BMl5BanBnXkFtZTcwMjA2NDU5OA@@._V1_UY209_CR8,0,140,209_AL_.jpg",1980-1-17,39
KeiraKnightley,"https://m.media-amazon.com/images/M/MV5BMTYwNDM0NDA3M15BMl5BanBnXkFtZTcwNTkzMjQ3OA@@._V1_UY209_CR4,0,140,209_AL_.jpg",1985-3-26,34
MaryElizabethWinstead,"https://m.media-amazon.com/images/M/MV5BNjE3MTU2NjU0OF5BMl5BanBnXkFtZTgwNjgwNzgwNzE@._V1_UY209_CR4,0,140,209_AL_.jpg",1984-11-28,35
CobieSmulders,"https://m.media-amazon.com/images/M/MV5BMTkzNTUyMTczM15BMl5BanBnXkFtZTcwMjMxNTM4Nw@@._V1_UX140_CR0,0,140,209_AL_.jpg",1982-4-3,37
FelicityJones,"https://m.media-amazon.com/images/M/MV5BMjA0MTIwMzIyN15BMl5BanBnXkFtZTgwNDEyMzg1NDE@._V1_UX140_CR0,0,140,209_AL_.jpg",1983-10-17,36
AshleyHinshaw,"https://m.media-amazon.com/images/M/MV5BZGEzM2M5YTUtOTczYS00ZTBkLTg1NmItMzg2NzRhYjkxMjc4XkEyXkFqcGdeQXVyMjA4MDkwNDI@._V1_UY209_CR58,0,140,209_AL_.jpg",1988-12-11,31
BrittRobertson,"https://m.media-amazon.com/images/M/MV5BMzM3NjAyNTQxOF5BMl5BanBnXkFtZTgwMDU2NDQ1ODE@._V1_UX140_CR0,0,140,209_AL_.jpg",1990-4-18,29
ElizabethRice,"https://m.media-amazon.com/images/M/MV5BMTEyNTI5ODkxMTReQTJeQWpwZ15BbWU4MDk3NDE2MTAy._V1_UX140_CR0,0,140,209_AL_.jpg",1985-11-5,34
MonicaBellucci,"https://m.media-amazon.com/images/M/MV5BMTI2MzM5Njk1OF5BMl5BanBnXkFtZTYwMjA5OTgz._V1_UY209_CR3,0,140,209_AL_.jpg",1964-9-30,55
LilyCollins,"https://m.media-amazon.com/images/M/MV5BMTMxNDg1NDU3MF5BMl5BanBnXkFtZTcwODU1NjE4MQ@@._V1_UX140_CR0,0,140,209_AL_.jpg",1989-3-18,30
EllaPurnell,"https://m.media-amazon.com/images/M/MV5BMWE1NGM4OTQtMzZiNC00NmU5LWJlNWQtZTk5ZjQ0ZTU5OTM1XkEyXkFqcGdeQXVyMjA5OTY5Mjc@._V1_UX140_CR0,0,140,209_AL_.jpg",1996-9-17,23
KirstenDunst,"https://m.media-amazon.com/images/M/MV5BMTQ3NzkwNzM1MV5BMl5BanBnXkFtZTgwMzE2MTQ3MjE@._V1_UY209_CR8,0,140,209_AL_.jpg",1982-4-30,37
BrieLarson,"https://m.media-amazon.com/images/M/MV5BMjExODkxODU3NF5BMl5BanBnXkFtZTgwNTM0MTk3NjE@._V1_UY209_CR5,0,140,209_AL_.jpg",1989-10-1,30
AnnaSophiaRobb,"https://m.media-amazon.com/images/M/MV5BMjA0ODUwYWQtOTlkZC00Mzk0LWE2ZDUtNzMyYWYzYjhjNWFiXkEyXkFqcGdeQXVyNjQ3NDAwOTA@._V1_UX140_CR0,0,140,209_AL_.jpg",1993-12-8,26
EmmaWatson,"https://m.media-amazon.com/images/M/MV5BMTQ3ODE2NTMxMV5BMl5BanBnXkFtZTgwOTIzOTQzMjE@._V1_UY209_CR14,0,140,209_AL_.jpg",1990-4-15,29
ImogenPoots,"https://m.media-amazon.com/images/M/MV5BMTU3OTA3MzM2NV5BMl5BanBnXkFtZTcwMDczNjY0Mw@@._V1_UY209_CR14,0,140,209_AL_.jpg",1989-6-3,30
EmiliedeRavin,"https://m.media-amazon.com/images/M/MV5BMjE0Nzg1MDcwMV5BMl5BanBnXkFtZTcwOTYwNDIzMQ@@._V1_UY209_CR14,0,140,209_AL_.jpg",1981-12-27,38
OlgaKurylenko,"https://m.media-amazon.com/images/M/MV5BMTkyMzIwMjY1OF5BMl5BanBnXkFtZTcwNzA3MDkwOQ@@._V1_UX140_CR0,0,140,209_AL_.jpg",1979-11-14,40
MarionCotillard,"https://m.media-amazon.com/images/M/MV5BMTQxNTEzNTkwNF5BMl5BanBnXkFtZTcwNzQ2NDIwOQ@@._V1_UX140_CR0,0,140,209_AL_.jpg",1975-9-30,44
HaydenPanettiere,"https://m.media-amazon.com/images/M/MV5BOTY2OTI1NzA0NV5BMl5BanBnXkFtZTcwOTczMTA2Mw@@._V1_UY209_CR9,0,140,209_AL_.jpg",1989-8-21,30
AngelinaJolie,"https://m.media-amazon.com/images/M/MV5BODg3MzYwMjE4N15BMl5BanBnXkFtZTcwMjU5NzAzNw@@._V1_UY209_CR15,0,140,209_AL_.jpg",1975-6-4,44
MaggieGrace,"https://m.media-amazon.com/images/M/MV5BNjU1NjM2YjMtZTUxMi00NWE2LWE1Y2UtZjI1NTM1YTA1NmY1XkEyXkFqcGdeQXVyMjA0MzUxMQ@@._V1_UY209_CR9,0,140,209_AL_.jpg",1983-9-21,36
CareyMulligan,"https://m.media-amazon.com/images/M/MV5BMTUzODM0OTY4OF5BMl5BanBnXkFtZTgwMTg3NDk0NzE@._V1_UX140_CR0,0,140,209_AL_.jpg",1985-5-28,34
RachelMcAdams,"https://m.media-amazon.com/images/M/MV5BMTY5ODcxMDU4NV5BMl5BanBnXkFtZTcwMjAzNjQyNQ@@._V1_UY209_CR2,0,140,209_AL_.jpg",1978-11-17,41
LeightonMeester,"https://m.media-amazon.com/images/M/MV5BMjQ3ODQzMzQ3OV5BMl5BanBnXkFtZTgwNTg3MjI5NDE@._V1_UY209_CR8,0,140,209_AL_.jpg",1986-4-9,33
ElleFanning,"https://m.media-amazon.com/images/M/MV5BN2I3N2UwMzQtNjhlYy00NmEwLTgwMDgtNmY5MzNlOGE4NDQxXkEyXkFqcGdeQXVyNDIzOTc1MDY@._V1_UY209_CR87,0,140,209_AL_.jpg",1998-4-9,21
MalinAkerman,"https://m.media-amazon.com/images/M/MV5BMjA4ODAwMjIwOV5BMl5BanBnXkFtZTcwMzI2NDA2OA@@._V1_UY209_CR34,0,140,209_AL_.jpg",1978-5-12,41
MariaMenounos,"https://m.media-amazon.com/images/M/MV5BMTI4NzUyMDk5M15BMl5BanBnXkFtZTcwMjAyNzczMQ@@._V1_UY209_CR13,0,140,209_AL_.jpg",1978-6-8,41
AudreyTautou,"https://m.media-amazon.com/images/M/MV5BMTYzOTgyNjk1Nl5BMl5BanBnXkFtZTcwNjMwMjI1OQ@@._V1_UX140_CR0,0,140,209_AL_.jpg",1976-8-9,43
TamsinEgerton,"https://m.media-amazon.com/images/M/MV5BMjIzOTI4MDAzNV5BMl5BanBnXkFtZTcwNDk4MzYxNw@@._V1_UY209_CR3,0,140,209_AL_.jpg",1988-11-26,31
MillaJovovich,"https://m.media-amazon.com/images/M/MV5BNzA1Nzc4NjYwNV5BMl5BanBnXkFtZTcwNjA2NjY1Mg@@._V1_UY209_CR12,0,140,209_AL_.jpg",1975-12-17,44
AmySmart,"https://m.media-amazon.com/images/M/MV5BMTY2Njc4NDA2N15BMl5BanBnXkFtZTcwOTQ1NDUwMw@@._V1_UY209_CR18,0,140,209_AL_.jpg",1976-3-26,43
MinkaKelly,"https://m.media-amazon.com/images/M/MV5BMTA1MzcwNTQyNDJeQTJeQWpwZ15BbWU4MDMzMzY0NTgx._V1_UY209_CR3,0,140,209_AL_.jpg",1980-6-24,39
EvangelineLilly,"https://m.media-amazon.com/images/M/MV5BMTc2MDMzODU0OV5BMl5BanBnXkFtZTgwODIwOTAxMzI@._V1_UY209_CR21,0,140,209_AL_.jpg",1979-8-3,40
ChristinaHendricks,"https://m.media-amazon.com/images/M/MV5BMjA5Njg3NDkxNV5BMl5BanBnXkFtZTgwNDczMTgyODE@._V1_UY209_CR8,0,140,209_AL_.jpg",1975-5-3,44
TamlaKari,"https://m.media-amazon.com/images/M/MV5BMDZhY2E1MmUtN2E3NS00MzNhLTk2YzktYmVhZWIyMWZmNzNlXkEyXkFqcGdeQXVyNTY3MjcxMDc@._V1_UY209_CR13,0,140,209_AL_.jpg",1988-7-27,31
RebeccaRomijn,"https://m.media-amazon.com/images/M/MV5BMTUyMjM3MDg3Nl5BMl5BanBnXkFtZTcwMTIwNTExMw@@._V1_UY209_CR9,0,140,209_AL_.jpg",1972-11-6,47
BryceDallasHoward,"https://m.media-amazon.com/images/M/MV5BODEzNzBhODYtOWEzNi00Y2I3LWFjMGEtNzAxNzU5ZjZiMDRiXkEyXkFqcGdeQXVyMjQ0MTg4Nw@@._V1_UY209_CR10,0,140,209_AL_.jpg",1981-3-2,38
RachelHurd-Wood,"https://m.media-amazon.com/images/M/MV5BMTEzMzE2M2QtMzdhYi00ZWZjLTg2YTYtYjQxNzdiN2U0NDQxXkEyXkFqcGdeQXVyNzQ1MzA0NTc@._V1_UX140_CR0,0,140,209_AL_.jpg",1990-8-17,29
EmiliaClarke,"https://m.media-amazon.com/images/M/MV5BNjg3OTg4MDczMl5BMl5BanBnXkFtZTgwODc0NzUwNjE@._V1_UX140_CR0,0,140,209_AL_.jpg",1986-10-23,33
GageGolightly,"https://m.media-amazon.com/images/M/MV5BNjQ1YjE3NGQtNDAyNC00MTBiLWFkOWYtNzhmNjM5OTYzZDYxXkEyXkFqcGdeQXVyOTc0ODU3ODc@._V1_UX140_CR0,0,140,209_AL_.jpg",1993-9-5,26
TaraReid,"https://m.media-amazon.com/images/M/MV5BNjkwNDgyMzMxNl5BMl5BanBnXkFtZTcwMDYyMjc0OQ@@._V1_UY209_CR24,0,140,209_AL_.jpg",1975-11-8,44
JenniferLawrence,"https://m.media-amazon.com/images/M/MV5BOTU3NDE5MDQ4MV5BMl5BanBnXkFtZTgwMzE5ODQ3MDI@._V1_UX140_CR0,0,140,209_AL_.jpg",1990-8-15,29
RoseByrne,"https://m.media-amazon.com/images/M/MV5BMTc0MDA2Njc0OF5BMl5BanBnXkFtZTcwNzc3NDU3Mw@@._V1_UY209_CR5,0,140,209_AL_.jpg",1979-7-24,40
LenaHeadey,"https://m.media-amazon.com/images/M/MV5BMzIwMjIwNjg0M15BMl5BanBnXkFtZTgwOTI3MDEzMDE@._V1_UY209_CR10,0,140,209_AL_.jpg",1973-10-3,46
DanielleCampbell,"https://m.media-amazon.com/images/M/MV5BYjgxZDk1ZjMtY2UwMC00NzA4LTkyMmQtZTkwMzA3OTg3YWEzXkEyXkFqcGdeQXVyMjQwMDg0Ng@@._V1_UY209_CR87,0,140,209_AL_.jpg",1995-1-30,24
EmmyClarke,"https://m.media-amazon.com/images/M/MV5BMTMzNTQzNzY0OV5BMl5BanBnXkFtZTYwMTkxNDAz._V1_UY209_CR66,0,140,209_AL_.jpg",1991-9-25,28
PeytonList,"https://m.media-amazon.com/images/M/MV5BMTMwNTQ4NDgyMl5BMl5BanBnXkFtZTcwMjI5MjU3MQ@@._V1_UY209_CR13,0,140,209_AL_.jpg",1986-8-8,33
LyndsyFonseca,"https://m.media-amazon.com/images/M/MV5BMTM2NTU2NDI5NF5BMl5BanBnXkFtZTcwMjgzMjA2MQ@@._V1_UY209_CR8,0,140,209_AL_.jpg",1987-1-7,32
ChloÃ«GraceMoretz,"https://m.media-amazon.com/images/M/MV5BMjA5MzE2NzA2M15BMl5BanBnXkFtZTgwNTc1NDA4NTM@._V1_UY209_CR25,0,140,209_AL_.jpg",1997-2-10,22
ArianaGrande,"https://m.media-amazon.com/images/M/MV5BOTgwMjkxNzg1NF5BMl5BanBnXkFtZTgwNzQ4MTE0NDE@._V1_UY209_CR8,0,140,209_AL_.jpg",1993-6-26,26
JuliannaGuill,"https://m.media-amazon.com/images/M/MV5BNDFmNWVhZWEtZGE2NS00MDJkLTkwMDUtMDAyODZiYzk4ODg5XkEyXkFqcGdeQXVyMjI3MDQ5NzM@._V1_UX140_CR0,0,140,209_AL_.jpg",1987-7-7,32
EmmaRoberts,"https://m.media-amazon.com/images/M/MV5BNzRhODBhZTMtNTJkOS00Y2UxLWIzZjAtMTcyN2QyY2JhNjU1XkEyXkFqcGdeQXVyMTIxMTA0Ng@@._V1_UY209_CR16,0,140,209_AL_.jpg",1991-2-10,28
ElishaCuthbert,"https://m.media-amazon.com/images/M/MV5BMTQ1Mzg3NTA0OF5BMl5BanBnXkFtZTcwNTgyNTM5OQ@@._V1_UY209_CR69,0,140,209_AL_.jpg",1982-11-30,37
StacyKeibler,"https://m.media-amazon.com/images/M/MV5BMTMwNDQxMzIwMV5BMl5BanBnXkFtZTcwNzMzMTY2Mw@@._V1_UY209_CR12,0,140,209_AL_.jpg",1979-10-14,40
EllenPage,"https://m.media-amazon.com/images/M/MV5BMTU3MzM3MDYzMV5BMl5BanBnXkFtZTcwNzk1Mzc3NA@@._V1_UX140_CR0,0,140,209_AL_.jpg",1987-2-21,32
AmandaSeyfried,"https://m.media-amazon.com/images/M/MV5BMjUyODkwODUyMF5BMl5BanBnXkFtZTcwMzU3MjYxMw@@._V1_UY209_CR22,0,140,209_AL_.jpg",1985-12-3,34
JuliaStiles,"https://m.media-amazon.com/images/M/MV5BMTgxNjUxNDk3MF5BMl5BanBnXkFtZTcwMzM0NjA0NA@@._V1_UX140_CR0,0,140,209_AL_.jpg",1981-3-28,38
IslaFisher,"https://m.media-amazon.com/images/M/MV5BODY3MDQ4MTQ4Nl5BMl5BanBnXkFtZTgwNDU2NzU1MDE@._V1_UY209_CR14,0,140,209_AL_.jpg",1976-2-3,43
MischaBarton,"https://m.media-amazon.com/images/M/MV5BOTIyNzYyMTA1MF5BMl5BanBnXkFtZTcwMDE4NjgyMQ@@._V1_UY209_CR3,0,140,209_AL_.jpg",1986-1-24,33
AlisonCarroll,"https://m.media-amazon.com/images/M/MV5BMTMyNjIyOTIwMl5BMl5BanBnXkFtZTcwNTg4MzY3Ng@@._V1_UY209_CR4,0,140,209_AL_.jpg",1985-5-21,34
GemmaArterton,"https://m.media-amazon.com/images/M/MV5BOTAwNTMwMzE5OF5BMl5BanBnXkFtZTgwMjYwNzI2MjE@._V1_UX140_CR0,0,140,209_AL_.jpg",1986-2-2,33
JanuaryJones,"https://m.media-amazon.com/images/M/MV5BMTgyODE1Mjg4NF5BMl5BanBnXkFtZTcwMTE5MjQ1Nw@@._V1_UY209_CR15,0,140,209_AL_.jpg",1978-1-5,41
SarahHyland,"https://m.media-amazon.com/images/M/MV5BMjI0Njc0NDA2OV5BMl5BanBnXkFtZTgwMTAyMzM0NzE@._V1_UY209_CR12,0,140,209_AL_.jpg",1990-11-24,29
PortiaDoubleday,"https://m.media-amazon.com/images/M/MV5BMTM4OTI2MTEwOV5BMl5BanBnXkFtZTcwMDc1MDc0Mw@@._V1_UX140_CR0,0,140,209_AL_.jpg",1988-6-22,31
MelissaGeorge,"https://m.media-amazon.com/images/M/MV5BNTQwNzU1NDkwNF5BMl5BanBnXkFtZTcwODEwODA1OA@@._V1_UY209_CR38,0,140,209_AL_.jpg",1976-8-6,43
A.J.Cook,"https://m.media-amazon.com/images/M/MV5BZjQyMTY2YzktNzRjZi00Y2M5LTlhYTAtMGY3OWQwYmE3YTFlXkEyXkFqcGdeQXVyMTQzNzIxMDI@._V1_UY209_CR15,0,140,209_AL_.jpg",1978-7-22,41
KateBeckinsale,"https://m.media-amazon.com/images/M/MV5BMTM3MzY2MDYwOF5BMl5BanBnXkFtZTcwODQ3MDA0Nw@@._V1_UX140_CR0,0,140,209_AL_.jpg",1973-7-26,46
MarieGillain,"https://m.media-amazon.com/images/M/MV5BMjE3MTM0MjcwOF5BMl5BanBnXkFtZTcwODkwODMzMQ@@._V1_UY209_CR1,0,140,209_AL_.jpg",1975-6-18,44
CatherineZeta-Jones,"https://m.media-amazon.com/images/M/MV5BZGE4MzUwMTYtYTFmNi00ZTRhLThjNDEtY2FlMTgyZmVmYTQwXkEyXkFqcGdeQXVyODczMzQ3NjY@._V1_UY209_CR54,0,140,209_AL_.jpg",1969-9-25,50
HelenaMattsson,"https://m.media-amazon.com/images/M/MV5BYmE1MDgzMTEtZTQ2Ny00YjkzLWIyODUtN2FjODk1MjYzOWFkXkEyXkFqcGdeQXVyNzU5NTQ5MQ@@._V1_UY209_CR10,0,140,209_AL_.jpg",1984-3-30,35
JaimieAlexander,"https://m.media-amazon.com/images/M/MV5BMTY0MzU1MTEzMl5BMl5BanBnXkFtZTgwMDY3OTA2MDE@._V1_UY209_CR8,0,140,209_AL_.jpg",1984-3-14,35
AbbieCornish,"https://m.media-amazon.com/images/M/MV5BMjE5Mjk4NDAyN15BMl5BanBnXkFtZTcwMDMyMDY1OA@@._V1_UY209_CR82,0,140,209_AL_.jpg",1982-8-7,37
AliceEve,"https://m.media-amazon.com/images/M/MV5BOTM5NzI1NTMwN15BMl5BanBnXkFtZTcwOTQ0NjExNw@@._V1_UX140_CR0,0,140,209_AL_.jpg",1982-2-6,37
KateWinslet,"https://m.media-amazon.com/images/M/MV5BODgzMzM2NTE0Ml5BMl5BanBnXkFtZTcwMTcyMTkyOQ@@._V1_UX140_CR0,0,140,209_AL_.jpg",1975-10-5,44
AshleyGreene,"https://m.media-amazon.com/images/M/MV5BNDQwMjMyMDMyNF5BMl5BanBnXkFtZTcwNjI1MDQ5Nw@@._V1_UX140_CR0,0,140,209_AL_.jpg",1987-2-21,32
HeatherGraham,"https://m.media-amazon.com/images/M/MV5BMjAwMzk5MTM4NV5BMl5BanBnXkFtZTcwNTMxOTkwNA@@._V1_UY209_CR5,0,140,209_AL_.jpg",1970-1-29,49
AlyssaMilano,"https://m.media-amazon.com/images/M/MV5BMTMwMTE1NTgzNV5BMl5BanBnXkFtZTcwMzk4Mzc2Mw@@._V1_UY209_CR15,0,140,209_AL_.jpg",1972-12-19,47
AliLarter,"https://m.media-amazon.com/images/M/MV5BMjE0MzA4Njc1NF5BMl5BanBnXkFtZTcwOTczNTUxNw@@._V1_UY209_CR7,0,140,209_AL_.jpg",1976-2-28,43
ChristinaApplegate,"https://m.media-amazon.com/images/M/MV5BMTk2NDc2OTE2Nl5BMl5BanBnXkFtZTcwMTc4NDcxNg@@._V1_UY209_CR13,0,140,209_AL_.jpg",1971-11-25,48
CourteneyCox,"https://m.media-amazon.com/images/M/MV5BMTA4OTczNDExNDNeQTJeQWpwZ15BbWU3MDUyNTIzMTM@._V1_UY209_CR5,0,140,209_AL_.jpg",1964-6-15,55
ElizabethHurley,"https://m.media-amazon.com/images/M/MV5BMTI2NTEyMDA2N15BMl5BanBnXkFtZTYwNTY0OTkz._V1_UY209_CR6,0,140,209_AL_.jpg",1965-6-10,54
JenniferAniston,"https://m.media-amazon.com/images/M/MV5BNjk1MjIxNjUxNF5BMl5BanBnXkFtZTcwODk2NzM4Mg@@._V1_UY209_CR3,0,140,209_AL_.jpg",1969-2-11,50
LauraVandervoort,"https://m.media-amazon.com/images/M/MV5BMGRjMjY3YzEtMTQ0MC00MzQ2LTg5YjYtMzUwNTg5NGFlNzhjXkEyXkFqcGdeQXVyNDcxNjkzNg@@._V1_UY209_CR34,0,140,209_AL_.jpg",1984-9-22,35
NaomiWatts,"https://m.media-amazon.com/images/M/MV5BMjIzMjY1NTA4OF5BMl5BanBnXkFtZTcwNjk3MDYwOQ@@._V1_UX140_CR0,0,140,209_AL_.jpg",1968-9-28,51
SiennaMiller,"https://m.media-amazon.com/images/M/MV5BNTU0MDcwMzAxM15BMl5BanBnXkFtZTgwMjAwMzA0NTM@._V1_UY209_CR8,0,140,209_AL_.jpg",1981-12-28,38
DeniseRichards,"https://m.media-amazon.com/images/M/MV5BMTQyNjYxNDU5OV5BMl5BanBnXkFtZTcwNTY5NDQwOA@@._V1_UX140_CR0,0,140,209_AL_.jpg",1971-2-17,48
KristenBell,"https://m.media-amazon.com/images/M/MV5BMjA1Njc0MTUzN15BMl5BanBnXkFtZTgwNTg1MjEwNDI@._V1_UX140_CR0,0,140,209_AL_.jpg",1980-7-18,39
MarisaTomei,"https://m.media-amazon.com/images/M/MV5BMTUwMjA3OTc3N15BMl5BanBnXkFtZTcwNTA1MzY1Mw@@._V1_UY209_CR8,0,140,209_AL_.jpg",1964-12-4,55
OliviaHolt,"https://m.media-amazon.com/images/M/MV5BMTY0NTk5OTQ3NV5BMl5BanBnXkFtZTgwNDYxMTExNjM@._V1_UY209_CR2,0,140,209_AL_.jpg",1997-8-5,22
ElisabethShue,"https://m.media-amazon.com/images/M/MV5BMTg5ODk5OTU3MV5BMl5BanBnXkFtZTcwNjM1NDUxMg@@._V1_UY209_CR10,0,140,209_AL_.jpg",1963-10-6,56
ChristinaRicci,"https://m.media-amazon.com/images/M/MV5BMjUzMzk5NzcyNV5BMl5BanBnXkFtZTcwNzQ1NjkzNw@@._V1_UX140_CR0,0,140,209_AL_.jpg",1980-2-12,39
